FIPS,c,s,sf
02013,Aleutians East Borough,Alaska,4582
02016,Aleutians West Census Area,Alaska,4582
02020,Anchorage Municipality,Alaska,4582
02050,Bethel Census Area,Alaska,4582
02060,Bristol Bay Borough,Alaska,4582
02068,Denali Borough,Alaska,4582
02070,Dillingham Census Area,Alaska,4582
02090,Fairbanks North Star Borough,Alaska,4582
02100,Haines Borough,Alaska,4582
02105,Hoonah-Angoon Census Area,Alaska,4582
02110,Juneau City and Borough,Alaska,4582
02122,Kenai Peninsula Borough,Alaska,4582
02130,Ketchikan Gateway Borough,Alaska,4582
02150,Kodiak Island Borough,Alaska,4582
02164,Lake and Peninsula Borough,Alaska,4582
02170,Matanuska-Susitna Borough,Alaska,4582
02180,Nome Census Area,Alaska,4582
02185,North Slope Borough,Alaska,4582
02188,Northwest Arctic Borough,Alaska,4582
02195,Petersburg Census Area,Alaska,4582
02198,Prince of Wales-Hyder Census Area,Alaska,4582
02220,Sitka City and Borough,Alaska,4582
02230,Skagway Municipality,Alaska,4582
02240,Southeast Fairbanks Census Area,Alaska,4582
02261,Valdez-Cordova Census Area,Alaska,4582
02270,Wade Hampton Census Area,Alaska,4582
02275,Wrangell City and Borough,Alaska,4582
02282,Yakutat City and Borough,Alaska,4582
02290,Yukon-Koyukuk Census Area,Alaska,4582
01001,Autauga County,Ala.,6667
01003,Baldwin County,Ala.,6667
01005,Barbour County,Ala.,6667
01007,Bibb County,Ala.,6667
01009,Blount County,Ala.,6667
01011,Bullock County,Ala.,6667
01013,Butler County,Ala.,6667
01015,Calhoun County,Ala.,6667
01017,Chambers County,Ala.,6667
01019,Cherokee County,Ala.,6667
01021,Chilton County,Ala.,6667
01023,Choctaw County,Ala.,6667
01025,Clarke County,Ala.,6667
01027,Clay County,Ala.,6667
01029,Cleburne County,Ala.,6667
01031,Coffee County,Ala.,6667
01033,Colbert County,Ala.,6667
01035,Conecuh County,Ala.,6667
01037,Coosa County,Ala.,6667
01039,Covington County,Ala.,6667
01041,Crenshaw County,Ala.,6667
01043,Cullman County,Ala.,6667
01045,Dale County,Ala.,6667
01047,Dallas County,Ala.,6667
01049,DeKalb County,Ala.,6667
01051,Elmore County,Ala.,6667
01053,Escambia County,Ala.,6667
01055,Etowah County,Ala.,6667
01057,Fayette County,Ala.,6667
01059,Franklin County,Ala.,6667
01061,Geneva County,Ala.,6667
01063,Greene County,Ala.,6667
01065,Hale County,Ala.,6667
01067,Henry County,Ala.,6667
01069,Houston County,Ala.,6667
01071,Jackson County,Ala.,6667
01073,Jefferson County,Ala.,7029
01075,Lamar County,Ala.,6667
01077,Lauderdale County,Ala.,6667
01079,Lawrence County,Ala.,6667
01081,Lee County,Ala.,6667
01083,Limestone County,Ala.,6667
01085,Lowndes County,Ala.,6667
01087,Macon County,Ala.,6667
01089,Madison County,Ala.,7029
01091,Marengo County,Ala.,6667
01093,Marion County,Ala.,6667
01095,Marshall County,Ala.,6667
01097,Mobile County,Ala.,6667
01099,Monroe County,Ala.,6667
01101,Montgomery County,Ala.,6667
01103,Morgan County,Ala.,6667
01105,Perry County,Ala.,6667
01107,Pickens County,Ala.,6667
01109,Pike County,Ala.,6667
01111,Randolph County,Ala.,6667
01113,Russell County,Ala.,6667
01115,St. Clair County,Ala.,6667
01117,Shelby County,Ala.,7029
01119,Sumter County,Ala.,6667
01121,Talladega County,Ala.,6667
01123,Tallapoosa County,Ala.,6667
01125,Tuscaloosa County,Ala.,6667
01127,Walker County,Ala.,6667
01129,Washington County,Ala.,6667
01131,Wilcox County,Ala.,6667
01133,Winston County,Ala.,6667
05001,Arkansas County,Ark.,4917
05003,Ashley County,Ark.,4917
05005,Baxter County,Ark.,4917
05007,Benton County,Ark.,4917
05009,Boone County,Ark.,4917
05011,Bradley County,Ark.,4917
05013,Calhoun County,Ark.,4917
05015,Carroll County,Ark.,4917
05017,Chicot County,Ark.,4917
05019,Clark County,Ark.,4917
05021,Clay County,Ark.,4917
05023,Cleburne County,Ark.,4917
05025,Cleveland County,Ark.,4917
05027,Columbia County,Ark.,4917
05029,Conway County,Ark.,4917
05031,Craighead County,Ark.,4917
05033,Crawford County,Ark.,4917
05035,Crittenden County,Ark.,4917
05037,Cross County,Ark.,4917
05039,Dallas County,Ark.,4917
05041,Desha County,Ark.,4917
05043,Drew County,Ark.,4917
05045,Faulkner County,Ark.,4917
05047,Franklin County,Ark.,4917
05049,Fulton County,Ark.,4917
05051,Garland County,Ark.,4917
05053,Grant County,Ark.,4917
05055,Greene County,Ark.,4917
05057,Hempstead County,Ark.,4917
05059,Hot Spring County,Ark.,4917
05061,Howard County,Ark.,4917
05063,Independence County,Ark.,4917
05065,Izard County,Ark.,4917
05067,Jackson County,Ark.,4917
05069,Jefferson County,Ark.,4917
05071,Johnson County,Ark.,4917
05073,Lafayette County,Ark.,4917
05075,Lawrence County,Ark.,4917
05077,Lee County,Ark.,4917
05079,Lincoln County,Ark.,4917
05081,Little River County,Ark.,4917
05083,Logan County,Ark.,4917
05085,Lonoke County,Ark.,4917
05087,Madison County,Ark.,4917
05089,Marion County,Ark.,4917
05091,Miller County,Ark.,4917
05093,Mississippi County,Ark.,4917
05095,Monroe County,Ark.,4917
05097,Montgomery County,Ark.,4917
05099,Nevada County,Ark.,4917
05101,Newton County,Ark.,4917
05103,Ouachita County,Ark.,4917
05105,Perry County,Ark.,4917
05107,Phillips County,Ark.,4917
05109,Pike County,Ark.,4917
05111,Poinsett County,Ark.,4917
05113,Polk County,Ark.,4917
05115,Pope County,Ark.,4917
05117,Prairie County,Ark.,4917
05119,Pulaski County,Ark.,4917
05121,Randolph County,Ark.,4917
05123,St. Francis County,Ark.,4917
05125,Saline County,Ark.,4917
05127,Scott County,Ark.,4917
05129,Searcy County,Ark.,4917
05131,Sebastian County,Ark.,4917
05133,Sevier County,Ark.,4917
05135,Sharp County,Ark.,4917
05137,Stone County,Ark.,4917
05139,Union County,Ark.,4917
05141,Van Buren County,Ark.,4917
05143,Washington County,Ark.,4917
05145,White County,Ark.,4917
05147,Woodruff County,Ark.,4917
05149,Yell County,Ark.,4917
04001,Apache County,Ariz.,5245
04003,Cochise County,Ariz.,5315
04005,Coconino County,Ariz.,5245
04007,Gila County,Ariz.,5268
04009,Graham County,Ariz.,5315
04011,Greenlee County,Ariz.,5315
04012,La Paz County,Ariz.,5315
04013,Maricopa County,Ariz.,6089
04015,Mohave County,Ariz.,5376
04017,Navajo County,Ariz.,5245
04019,Pima County,Ariz.,5962
04021,Pinal County,Ariz.,5540
04023,Santa Cruz County,Ariz.,5732
04025,Yavapai County,Ariz.,5332
04027,Yuma County,Ariz.,5315
10001,Kent County,Del.,6286
10003,New Castle County,Del.,6286
10005,Sussex County,Del.,6286
12001,Alachua County,Fla.,8920
12003,Baker County,Fla.,9285
12005,Bay County,Fla.,9285
12007,Bradford County,Fla.,8920
12009,Brevard County,Fla.,6735
12011,Broward County,Fla.,7492
12013,Calhoun County,Fla.,8243
12015,Charlotte County,Fla.,9279
12017,Citrus County,Fla.,9285
12019,Clay County,Fla.,9285
12021,Collier County,Fla.,9285
12023,Columbia County,Fla.,8920
12027,DeSoto County,Fla.,8920
12029,Dixie County,Fla.,8920
12031,Duval County,Fla.,8913
12033,Escambia County,Fla.,8913
12035,Flagler County,Fla.,7448
12037,Franklin County,Fla.,8243
12039,Gadsden County,Fla.,8243
12041,Gilchrist County,Fla.,8920
12043,Glades County,Fla.,8243
12045,Gulf County,Fla.,8920
12047,Hamilton County,Fla.,8243
12049,Hardee County,Fla.,8243
12051,Hendry County,Fla.,8920
12053,Hernando County,Fla.,8111
12055,Highlands County,Fla.,8920
12057,Hillsborough County,Fla.,8168
12059,Holmes County,Fla.,8243
12061,Indian River County,Fla.,6361
12063,Jackson County,Fla.,8243
12065,Jefferson County,Fla.,8243
12067,Lafayette County,Fla.,8243
12069,Lake County,Fla.,8168
12071,Lee County,Fla.,7633
12073,Leon County,Fla.,8243
12075,Levy County,Fla.,8920
12077,Liberty County,Fla.,8243
12079,Madison County,Fla.,8243
12081,Manatee County,Fla.,7500
12083,Marion County,Fla.,9285
12085,Martin County,Fla.,8111
12086,Miami-Dade County,Fla.,7556
12087,Monroe County,Fla.,6780
12089,Nassau County,Fla.,8920
12091,Okaloosa County,Fla.,9285
12093,Okeechobee County,Fla.,8920
12095,Orange County,Fla.,8168
12097,Osceola County,Fla.,8168
12099,Palm Beach County,Fla.,7492
12101,Pasco County,Fla.,8168
12103,Pinellas County,Fla.,8168
12105,Polk County,Fla.,8168
12107,Putnam County,Fla.,8243
12109,St. Johns County,Fla.,9285
12111,St. Lucie County,Fla.,7633
12113,Santa Rosa County,Fla.,8913
12115,Sarasota County,Fla.,7950
12117,Seminole County,Fla.,7852
12119,Sumter County,Fla.,8111
12121,Suwannee County,Fla.,8920
12123,Taylor County,Fla.,8243
12125,Union County,Fla.,8243
12127,Volusia County,Fla.,7442
12129,Wakulla County,Fla.,8243
12131,Walton County,Fla.,9285
12133,Washington County,Fla.,8243
13001,Appling County,Ga.,6123
13003,Atkinson County,Ga.,6055
13005,Bacon County,Ga.,6055
13007,Baker County,Ga.,6123
13009,Baldwin County,Ga.,6055
13011,Banks County,Ga.,5639
13013,Barrow County,Ga.,5977
13015,Bartow County,Ga.,5431
13017,Ben Hill County,Ga.,6055
13019,Berrien County,Ga.,6123
13021,Bibb County,Ga.,6339
13023,Bleckley County,Ga.,6258
13025,Brantley County,Ga.,6258
13027,Brooks County,Ga.,6055
13029,Bryan County,Ga.,6293
13031,Bulloch County,Ga.,6258
13033,Burke County,Ga.,6258
13035,Butts County,Ga.,6387
13037,Calhoun County,Ga.,6055
13039,Camden County,Ga.,6258
13043,Candler County,Ga.,6258
13045,Carroll County,Ga.,5431
13047,Catoosa County,Ga.,5509
13049,Charlton County,Ga.,6055
13051,Chatham County,Ga.,6487
13053,Chattahoochee County,Ga.,6659
13055,Chattooga County,Ga.,5520
13057,Cherokee County,Ga.,6100
13059,Clarke County,Ga.,6670
13061,Clay County,Ga.,6055
13063,Clayton County,Ga.,6387
13065,Clinch County,Ga.,6123
13067,Cobb County,Ga.,5713
13069,Coffee County,Ga.,6123
13071,Colquitt County,Ga.,6055
13073,Columbia County,Ga.,6258
13075,Cook County,Ga.,6055
13077,Coweta County,Ga.,5773
13079,Crawford County,Ga.,6293
13081,Crisp County,Ga.,6055
13083,Dade County,Ga.,5509
13085,Dawson County,Ga.,5634
13087,Decatur County,Ga.,6055
13089,DeKalb County,Ga.,6406
13091,Dodge County,Ga.,6055
13093,Dooly County,Ga.,6055
13095,Dougherty County,Ga.,6123
13097,Douglas County,Ga.,5450
13099,Early County,Ga.,6055
13101,Echols County,Ga.,6123
13103,Effingham County,Ga.,6293
13105,Elbert County,Ga.,6600
13107,Emanuel County,Ga.,6293
13109,Evans County,Ga.,6258
13111,Fannin County,Ga.,5509
13113,Fayette County,Ga.,6387
13115,Floyd County,Ga.,5635
13117,Forsyth County,Ga.,6100
13119,Franklin County,Ga.,5509
13121,Fulton County,Ga.,6406
13123,Gilmer County,Ga.,5509
13125,Glascock County,Ga.,6258
13127,Glynn County,Ga.,6258
13129,Gordon County,Ga.,5520
13131,Grady County,Ga.,6055
13133,Greene County,Ga.,6670
13135,Gwinnett County,Ga.,6406
13137,Habersham County,Ga.,5509
13139,Hall County,Ga.,5507
13141,Hancock County,Ga.,6258
13143,Haralson County,Ga.,5431
13145,Harris County,Ga.,6659
13147,Hart County,Ga.,5509
13149,Heard County,Ga.,5431
13151,Henry County,Ga.,6387
13153,Houston County,Ga.,6487
13155,Irwin County,Ga.,6055
13157,Jackson County,Ga.,6176
13159,Jasper County,Ga.,6055
13161,Jeff Davis County,Ga.,6055
13163,Jefferson County,Ga.,6258
13165,Jenkins County,Ga.,6258
13167,Johnson County,Ga.,6258
13169,Jones County,Ga.,6293
13171,Lamar County,Ga.,5773
13173,Lanier County,Ga.,6123
13175,Laurens County,Ga.,6127
13177,Lee County,Ga.,6123
13179,Liberty County,Ga.,6293
13181,Lincoln County,Ga.,6258
13183,Long County,Ga.,6258
13185,Lowndes County,Ga.,6123
13187,Lumpkin County,Ga.,5509
13193,Macon County,Ga.,6055
13195,Madison County,Ga.,6670
13197,Marion County,Ga.,6659
13189,McDuffie County,Ga.,6258
13191,McIntosh County,Ga.,6258
13199,Meriwether County,Ga.,5579
13201,Miller County,Ga.,6055
13205,Mitchell County,Ga.,6055
13207,Monroe County,Ga.,6293
13209,Montgomery County,Ga.,6055
13211,Morgan County,Ga.,6258
13213,Murray County,Ga.,5509
13215,Muscogee County,Ga.,6743
13217,Newton County,Ga.,5859
13219,Oconee County,Ga.,6670
13221,Oglethorpe County,Ga.,6258
13223,Paulding County,Ga.,5450
13225,Peach County,Ga.,6487
13227,Pickens County,Ga.,5570
13229,Pierce County,Ga.,6055
13231,Pike County,Ga.,5579
13233,Polk County,Ga.,5639
13235,Pulaski County,Ga.,6055
13237,Putnam County,Ga.,6055
13239,Quitman County,Ga.,6055
13241,Rabun County,Ga.,5509
13243,Randolph County,Ga.,6055
13245,Richmond County,Ga.,6258
13247,Rockdale County,Ga.,5820
13249,Schley County,Ga.,6055
13251,Screven County,Ga.,6258
13253,Seminole County,Ga.,6055
13255,Spalding County,Ga.,6387
13257,Stephens County,Ga.,5509
13259,Stewart County,Ga.,6293
13261,Sumter County,Ga.,6123
13263,Talbot County,Ga.,6670
13265,Taliaferro County,Ga.,6258
13267,Tattnall County,Ga.,6258
13269,Taylor County,Ga.,6055
13271,Telfair County,Ga.,6055
13273,Terrell County,Ga.,6123
13275,Thomas County,Ga.,6055
13277,Tift County,Ga.,6055
13279,Toombs County,Ga.,6055
13281,Towns County,Ga.,5509
13283,Treutlen County,Ga.,6055
13285,Troup County,Ga.,6258
13287,Turner County,Ga.,6055
13289,Twiggs County,Ga.,6171
13291,Union County,Ga.,5509
13293,Upson County,Ga.,6055
13295,Walker County,Ga.,5509
13297,Walton County,Ga.,6315
13299,Ware County,Ga.,6055
13301,Warren County,Ga.,6258
13303,Washington County,Ga.,6258
13305,Wayne County,Ga.,6293
13307,Webster County,Ga.,6258
13309,Wheeler County,Ga.,6055
13311,White County,Ga.,5509
13313,Whitfield County,Ga.,5509
13315,Wilcox County,Ga.,6055
13317,Wilkes County,Ga.,6258
13319,Wilkinson County,Ga.,6258
13321,Worth County,Ga.,6123
19001,Adair County,Iowa,5922
19003,Adams County,Iowa,6160
19005,Allamakee County,Iowa,5880
19007,Appanoose County,Iowa,5922
19009,Audubon County,Iowa,5922
19011,Benton County,Iowa,6027
19013,Black Hawk County,Iowa,6027
19015,Boone County,Iowa,6027
19017,Bremer County,Iowa,6027
19019,Buchanan County,Iowa,6257
19021,Buena Vista County,Iowa,6160
19023,Butler County,Iowa,6160
19025,Calhoun County,Iowa,6160
19027,Carroll County,Iowa,5922
19029,Cass County,Iowa,6160
19031,Cedar County,Iowa,5922
19033,Cerro Gordo County,Iowa,5922
19035,Cherokee County,Iowa,6160
19037,Chickasaw County,Iowa,5922
19039,Clarke County,Iowa,6160
19041,Clay County,Iowa,5665
19043,Clayton County,Iowa,5807
19045,Clinton County,Iowa,6027
19047,Crawford County,Iowa,6160
19049,Dallas County,Iowa,6100
19051,Davis County,Iowa,5922
19053,Decatur County,Iowa,5922
19055,Delaware County,Iowa,5922
19057,Des Moines County,Iowa,6160
19059,Dickinson County,Iowa,5677
19061,Dubuque County,Iowa,6160
19063,Emmet County,Iowa,5677
19065,Fayette County,Iowa,5807
19067,Floyd County,Iowa,5922
19069,Franklin County,Iowa,5922
19071,Fremont County,Iowa,6160
19073,Greene County,Iowa,6160
19075,Grundy County,Iowa,6160
19077,Guthrie County,Iowa,6160
19079,Hamilton County,Iowa,5922
19081,Hancock County,Iowa,5922
19083,Hardin County,Iowa,5922
19085,Harrison County,Iowa,5922
19087,Henry County,Iowa,5922
19089,Howard County,Iowa,5807
19091,Humboldt County,Iowa,6160
19093,Ida County,Iowa,6257
19095,Iowa County,Iowa,6160
19097,Jackson County,Iowa,5922
19099,Jasper County,Iowa,6027
19101,Jefferson County,Iowa,5922
19103,Johnson County,Iowa,5922
19105,Jones County,Iowa,5922
19107,Keokuk County,Iowa,5922
19109,Kossuth County,Iowa,5922
19111,Lee County,Iowa,5922
19113,Linn County,Iowa,6027
19115,Louisa County,Iowa,6160
19117,Lucas County,Iowa,5922
19119,Lyon County,Iowa,5677
19121,Madison County,Iowa,6027
19123,Mahaska County,Iowa,5922
19125,Marion County,Iowa,6027
19127,Marshall County,Iowa,5922
19129,Mills County,Iowa,5922
19131,Mitchell County,Iowa,5922
19133,Monona County,Iowa,6257
19135,Monroe County,Iowa,5922
19137,Montgomery County,Iowa,6160
19139,Muscatine County,Iowa,6027
19141,O'Brien County,Iowa,5665
19143,Osceola County,Iowa,5677
19145,Page County,Iowa,5922
19147,Palo Alto County,Iowa,5922
19149,Plymouth County,Iowa,5787
19151,Pocahontas County,Iowa,6160
19153,Polk County,Iowa,6100
19155,Pottawattamie County,Iowa,6194
19157,Poweshiek County,Iowa,5922
19159,Ringgold County,Iowa,5922
19161,Sac County,Iowa,6160
19163,Scott County,Iowa,6027
19165,Shelby County,Iowa,6160
19167,Sioux County,Iowa,5753
19169,Story County,Iowa,5922
19171,Tama County,Iowa,6160
19173,Taylor County,Iowa,6160
19175,Union County,Iowa,6160
19177,Van Buren County,Iowa,5922
19179,Wapello County,Iowa,5922
19181,Warren County,Iowa,6100
19183,Washington County,Iowa,5922
19185,Wayne County,Iowa,5922
19187,Webster County,Iowa,6160
19189,Winnebago County,Iowa,5922
19191,Winneshiek County,Iowa,5880
19193,Woodbury County,Iowa,5753
19195,Worth County,Iowa,5922
19197,Wright County,Iowa,5922
17001,Adams County,Ill.,8573
17003,Alexander County,Ill.,9046
17005,Bond County,Ill.,9007
17007,Boone County,Ill.,8600
17009,Brown County,Ill.,8573
17011,Bureau County,Ill.,9287
17013,Calhoun County,Ill.,9007
17015,Carroll County,Ill.,8569
17017,Cass County,Ill.,8573
17019,Champaign County,Ill.,9046
17021,Christian County,Ill.,8573
17023,Clark County,Ill.,9046
17025,Clay County,Ill.,9046
17027,Clinton County,Ill.,9007
17029,Coles County,Ill.,9046
17031,Cook County,Ill.,7425
17033,Crawford County,Ill.,9046
17035,Cumberland County,Ill.,9046
17037,DeKalb County,Ill.,8812
17039,De Witt County,Ill.,8869
17041,Douglas County,Ill.,9046
17043,DuPage County,Ill.,8324
17045,Edgar County,Ill.,9046
17047,Edwards County,Ill.,9046
17049,Effingham County,Ill.,9046
17051,Fayette County,Ill.,9046
17053,Ford County,Ill.,9046
17055,Franklin County,Ill.,9046
17057,Fulton County,Ill.,8295
17059,Gallatin County,Ill.,9046
17061,Greene County,Ill.,9007
17063,Grundy County,Ill.,9026
17065,Hamilton County,Ill.,9046
17067,Hancock County,Ill.,9287
17069,Hardin County,Ill.,9046
17071,Henderson County,Ill.,9287
17073,Henry County,Ill.,8959
17075,Iroquois County,Ill.,9046
17077,Jackson County,Ill.,9046
17079,Jasper County,Ill.,9046
17081,Jefferson County,Ill.,9046
17083,Jersey County,Ill.,9007
17085,Jo Daviess County,Ill.,8569
17087,Johnson County,Ill.,9046
17089,Kane County,Ill.,8324
17091,Kankakee County,Ill.,9026
17093,Kendall County,Ill.,9026
17095,Knox County,Ill.,8532
17097,Lake County,Ill.,8494
17099,LaSalle County,Ill.,8583
17101,Lawrence County,Ill.,9046
17103,Lee County,Ill.,8569
17105,Livingston County,Ill.,8869
17107,Logan County,Ill.,8573
17115,Macon County,Ill.,8329
17117,Macoupin County,Ill.,9007
17119,Madison County,Ill.,7740
17121,Marion County,Ill.,9046
17123,Marshall County,Ill.,8532
17125,Mason County,Ill.,8329
17127,Massac County,Ill.,9046
17109,McDonough County,Ill.,8494
17111,McHenry County,Ill.,8583
17113,McLean County,Ill.,8869
17129,Menard County,Ill.,8573
17131,Mercer County,Ill.,8959
17133,Monroe County,Ill.,7740
17135,Montgomery County,Ill.,9007
17137,Morgan County,Ill.,8573
17139,Moultrie County,Ill.,8573
17141,Ogle County,Ill.,8833
17143,Peoria County,Ill.,8536
17145,Perry County,Ill.,9046
17147,Piatt County,Ill.,9046
17149,Pike County,Ill.,8573
17151,Pope County,Ill.,9046
17153,Pulaski County,Ill.,9046
17155,Putnam County,Ill.,8532
17157,Randolph County,Ill.,9007
17159,Richland County,Ill.,9046
17161,Rock Island County,Ill.,8959
17163,St. Clair County,Ill.,7740
17165,Saline County,Ill.,9046
17167,Sangamon County,Ill.,8378
17169,Schuyler County,Ill.,8573
17171,Scott County,Ill.,8573
17173,Shelby County,Ill.,8329
17175,Stark County,Ill.,8532
17177,Stephenson County,Ill.,8569
17179,Tazewell County,Ill.,8338
17181,Union County,Ill.,9046
17183,Vermilion County,Ill.,9046
17185,Wabash County,Ill.,9046
17187,Warren County,Ill.,9287
17189,Washington County,Ill.,9007
17191,Wayne County,Ill.,9046
17193,White County,Ill.,9046
17195,Whiteside County,Ill.,8959
17197,Will County,Ill.,9026
17199,Williamson County,Ill.,9046
17201,Winnebago County,Ill.,8600
17203,Woodford County,Ill.,8532
18001,Adams County,Ind.,6436
18003,Allen County,Ind.,6390
18005,Bartholomew County,Ind.,5693
18007,Benton County,Ind.,5680
18009,Blackford County,Ind.,5835
18011,Boone County,Ind.,6428
18013,Brown County,Ind.,5541
18015,Carroll County,Ind.,5680
18017,Cass County,Ind.,5780
18019,Clark County,Ind.,6600
18021,Clay County,Ind.,5892
18023,Clinton County,Ind.,5622
18025,Crawford County,Ind.,5892
18027,Daviess County,Ind.,6507
18033,DeKalb County,Ind.,6436
18029,Dearborn County,Ind.,5920
18031,Decatur County,Ind.,5693
18035,Delaware County,Ind.,5835
18037,Dubois County,Ind.,5892
18039,Elkhart County,Ind.,6390
18041,Fayette County,Ind.,5892
18043,Floyd County,Ind.,5920
18045,Fountain County,Ind.,5892
18047,Franklin County,Ind.,6100
18049,Fulton County,Ind.,5780
18051,Gibson County,Ind.,5892
18053,Grant County,Ind.,5780
18055,Greene County,Ind.,5680
18057,Hamilton County,Ind.,6428
18059,Hancock County,Ind.,6541
18061,Harrison County,Ind.,6600
18063,Hendricks County,Ind.,6541
18065,Henry County,Ind.,6381
18067,Howard County,Ind.,6390
18069,Huntington County,Ind.,6436
18071,Jackson County,Ind.,5693
18073,Jasper County,Ind.,5892
18075,Jay County,Ind.,5622
18077,Jefferson County,Ind.,5920
18079,Jennings County,Ind.,5693
18081,Johnson County,Ind.,6541
18083,Knox County,Ind.,6568
18085,Kosciusko County,Ind.,6390
18091,LaPorte County,Ind.,5924
18087,LaGrange County,Ind.,5780
18089,Lake County,Ind.,6507
18093,Lawrence County,Ind.,5680
18095,Madison County,Ind.,6390
18097,Marion County,Ind.,6541
18099,Marshall County,Ind.,6390
18101,Martin County,Ind.,5892
18103,Miami County,Ind.,6390
18105,Monroe County,Ind.,5835
18107,Montgomery County,Ind.,5892
18109,Morgan County,Ind.,5835
18111,Newton County,Ind.,5892
18113,Noble County,Ind.,5780
18115,Ohio County,Ind.,5920
18117,Orange County,Ind.,5680
18119,Owen County,Ind.,5680
18121,Parke County,Ind.,5892
18123,Perry County,Ind.,5920
18125,Pike County,Ind.,5920
18127,Porter County,Ind.,6507
18129,Posey County,Ind.,5892
18131,Pulaski County,Ind.,6390
18133,Putnam County,Ind.,5892
18135,Randolph County,Ind.,5892
18137,Ripley County,Ind.,5920
18139,Rush County,Ind.,5892
18143,Scott County,Ind.,5871
18145,Shelby County,Ind.,6050
18147,Spencer County,Ind.,5920
18141,St. Joseph County,Ind.,6390
18149,Starke County,Ind.,5924
18151,Steuben County,Ind.,6436
18153,Sullivan County,Ind.,5892
18155,Switzerland County,Ind.,5920
18157,Tippecanoe County,Ind.,5835
18159,Tipton County,Ind.,5760
18161,Union County,Ind.,5920
18163,Vanderburgh County,Ind.,5892
18165,Vermillion County,Ind.,5892
18167,Vigo County,Ind.,5892
18169,Wabash County,Ind.,5785
18171,Warren County,Ind.,5892
18173,Warrick County,Ind.,5892
18175,Washington County,Ind.,5892
18177,Wayne County,Ind.,5892
18179,Wells County,Ind.,6390
18181,White County,Ind.,5835
18183,Whitley County,Ind.,6436
20001,Allen County,Kan.,5745
20003,Anderson County,Kan.,5745
20005,Atchison County,Kan.,5745
20007,Barber County,Kan.,5745
20009,Barton County,Kan.,5745
20011,Bourbon County,Kan.,5745
20013,Brown County,Kan.,5745
20015,Butler County,Kan.,5814
20017,Chase County,Kan.,5745
20019,Chautauqua County,Kan.,5814
20021,Cherokee County,Kan.,5745
20023,Cheyenne County,Kan.,5745
20025,Clark County,Kan.,5745
20027,Clay County,Kan.,5745
20029,Cloud County,Kan.,5745
20031,Coffey County,Kan.,5745
20033,Comanche County,Kan.,5745
20035,Cowley County,Kan.,5814
20037,Crawford County,Kan.,5745
20039,Decatur County,Kan.,5745
20041,Dickinson County,Kan.,5814
20043,Doniphan County,Kan.,5745
20045,Douglas County,Kan.,5814
20047,Edwards County,Kan.,5745
20049,Elk County,Kan.,5814
20051,Ellis County,Kan.,5814
20053,Ellsworth County,Kan.,5814
20055,Finney County,Kan.,5745
20057,Ford County,Kan.,5745
20059,Franklin County,Kan.,5745
20061,Geary County,Kan.,5745
20063,Gove County,Kan.,5745
20065,Graham County,Kan.,5745
20067,Grant County,Kan.,5745
20069,Gray County,Kan.,5745
20071,Greeley County,Kan.,5745
20073,Greenwood County,Kan.,5814
20075,Hamilton County,Kan.,5745
20077,Harper County,Kan.,5814
20079,Harvey County,Kan.,5814
20081,Haskell County,Kan.,5745
20083,Hodgeman County,Kan.,5745
20085,Jackson County,Kan.,5745
20087,Jefferson County,Kan.,5745
20089,Jewell County,Kan.,5745
20091,Johnson County,Kan.,6600
20093,Kearny County,Kan.,5745
20095,Kingman County,Kan.,5814
20097,Kiowa County,Kan.,5745
20099,Labette County,Kan.,5745
20101,Lane County,Kan.,5745
20103,Leavenworth County,Kan.,5745
20105,Lincoln County,Kan.,5814
20107,Linn County,Kan.,5745
20109,Logan County,Kan.,5745
20111,Lyon County,Kan.,5745
20115,Marion County,Kan.,5814
20117,Marshall County,Kan.,5745
20113,McPherson County,Kan.,5814
20119,Meade County,Kan.,5745
20121,Miami County,Kan.,5745
20123,Mitchell County,Kan.,5745
20125,Montgomery County,Kan.,5745
20127,Morris County,Kan.,5745
20129,Morton County,Kan.,5745
20131,Nemaha County,Kan.,5745
20133,Neosho County,Kan.,5745
20135,Ness County,Kan.,5745
20137,Norton County,Kan.,5745
20139,Osage County,Kan.,5814
20141,Osborne County,Kan.,5745
20143,Ottawa County,Kan.,5745
20145,Pawnee County,Kan.,5745
20147,Phillips County,Kan.,5745
20149,Pottawatomie County,Kan.,5745
20151,Pratt County,Kan.,5745
20153,Rawlins County,Kan.,5745
20155,Reno County,Kan.,5745
20157,Republic County,Kan.,5745
20159,Rice County,Kan.,5745
20161,Riley County,Kan.,5745
20163,Rooks County,Kan.,5745
20165,Rush County,Kan.,5745
20167,Russell County,Kan.,5814
20169,Saline County,Kan.,5814
20171,Scott County,Kan.,5745
20173,Sedgwick County,Kan.,5814
20175,Seward County,Kan.,5745
20177,Shawnee County,Kan.,5814
20179,Sheridan County,Kan.,5745
20181,Sherman County,Kan.,5745
20183,Smith County,Kan.,5745
20185,Stafford County,Kan.,5745
20187,Stanton County,Kan.,5745
20189,Stevens County,Kan.,5745
20191,Sumner County,Kan.,5814
20193,Thomas County,Kan.,5745
20195,Trego County,Kan.,5745
20197,Wabaunsee County,Kan.,5745
20199,Wallace County,Kan.,5745
20201,Washington County,Kan.,5745
20203,Wichita County,Kan.,5745
20205,Wilson County,Kan.,5745
20207,Woodson County,Kan.,5745
20209,Wyandotte County,Kan.,6600
22001,Acadia Parish,La.,5415
22003,Allen Parish,La.,5415
22005,Ascension Parish,La.,5433
22007,Assumption Parish,La.,5693
22009,Avoyelles Parish,La.,5415
22011,Beauregard Parish,La.,5415
22013,Bienville Parish,La.,5415
22015,Bossier Parish,La.,5900
22017,Caddo Parish,La.,5900
22019,Calcasieu Parish,La.,5415
22021,Caldwell Parish,La.,5415
22023,Cameron Parish,La.,5415
22025,Catahoula Parish,La.,5415
22027,Claiborne Parish,La.,5693
22029,Concordia Parish,La.,5415
22031,De Soto Parish,La.,5693
22033,East Baton Rouge Parish,La.,5433
22035,East Carroll Parish,La.,5415
22037,East Feliciana Parish,La.,5109
22039,Evangeline Parish,La.,5415
22041,Franklin Parish,La.,5415
22043,Grant Parish,La.,5415
22045,Iberia Parish,La.,5415
22047,Iberville Parish,La.,5109
22049,Jackson Parish,La.,5415
22051,Jefferson Parish,La.,6284
22053,Jefferson Davis Parish,La.,5415
22059,La Salle Parish,La.,5415
22055,Lafayette Parish,La.,5415
22057,Lafourche Parish,La.,5693
22061,Lincoln Parish,La.,5415
22063,Livingston Parish,La.,5109
22065,Madison Parish,La.,5415
22067,Morehouse Parish,La.,5415
22069,Natchitoches Parish,La.,5415
22071,Orleans Parish,La.,5900
22073,Ouachita Parish,La.,5415
22075,Plaquemines Parish,La.,5693
22077,Pointe Coupee Parish,La.,5109
22079,Rapides Parish,La.,5415
22081,Red River Parish,La.,5693
22083,Richland Parish,La.,5415
22085,Sabine Parish,La.,5415
22087,St. Bernard Parish,La.,5693
22089,St. Charles Parish,La.,5693
22091,St. Helena Parish,La.,5109
22093,St. James Parish,La.,5693
22097,St. Landry Parish,La.,5415
22099,St. Martin Parish,La.,5415
22101,St. Mary Parish,La.,5109
22103,St. Tammany Parish,La.,5693
22095,St. John the Baptist Parish,La.,5693
22105,Tangipahoa Parish,La.,5109
22107,Tensas Parish,La.,5415
22109,Terrebonne Parish,La.,5693
22111,Union Parish,La.,5415
22113,Vermilion Parish,La.,5415
22115,Vernon Parish,La.,5415
22117,Washington Parish,La.,5109
22119,Webster Parish,La.,5693
22121,West Baton Rouge Parish,La.,5433
22123,West Carroll Parish,La.,5415
22125,West Feliciana Parish,La.,5109
22127,Winn Parish,La.,5415
23001,Androscoggin County,Maine,4683
23003,Aroostook County,Maine,4709
23005,Cumberland County,Maine,4683
23007,Franklin County,Maine,4683
23009,Hancock County,Maine,4709
23011,Kennebec County,Maine,4683
23013,Knox County,Maine,4683
23015,Lincoln County,Maine,4683
23017,Oxford County,Maine,4683
23019,Penobscot County,Maine,4709
23021,Piscataquis County,Maine,4709
23023,Sagadahoc County,Maine,4683
23025,Somerset County,Maine,4709
23027,Waldo County,Maine,4683
23029,Washington County,Maine,4709
23031,York County,Maine,4683
26001,Alcona County,Mich.,3019
26003,Alger County,Mich.,3200
26005,Allegan County,Mich.,3167
26007,Alpena County,Mich.,3023
26009,Antrim County,Mich.,3196
26011,Arenac County,Mich.,3350
26013,Baraga County,Mich.,3200
26015,Barry County,Mich.,3196
26017,Bay County,Mich.,3369
26019,Benzie County,Mich.,3167
26021,Berrien County,Mich.,3196
26023,Branch County,Mich.,3196
26025,Calhoun County,Mich.,3260
26027,Cass County,Mich.,3196
26029,Charlevoix County,Mich.,3196
26031,Cheboygan County,Mich.,3019
26033,Chippewa County,Mich.,3290
26035,Clare County,Mich.,3380
26037,Clinton County,Mich.,3388
26039,Crawford County,Mich.,2980
26041,Delta County,Mich.,3200
26043,Dickinson County,Mich.,3290
26045,Eaton County,Mich.,3347
26047,Emmet County,Mich.,3196
26049,Genesee County,Mich.,3626
26051,Gladwin County,Mich.,3328
26053,Gogebic County,Mich.,3200
26055,Grand Traverse County,Mich.,3167
26057,Gratiot County,Mich.,3537
26059,Hillsdale County,Mich.,3196
26061,Houghton County,Mich.,3290
26063,Huron County,Mich.,3350
26065,Ingham County,Mich.,3347
26067,Ionia County,Mich.,3350
26069,Iosco County,Mich.,3196
26071,Iron County,Mich.,3200
26073,Isabella County,Mich.,3484
26075,Jackson County,Mich.,3200
26077,Kalamazoo County,Mich.,3260
26079,Kalkaska County,Mich.,3167
26081,Kent County,Mich.,3400
26083,Keweenaw County,Mich.,3200
26085,Lake County,Mich.,3196
26087,Lapeer County,Mich.,3484
26089,Leelanau County,Mich.,3167
26091,Lenawee County,Mich.,3167
26093,Livingston County,Mich.,3474
26095,Luce County,Mich.,3200
26097,Mackinac County,Mich.,2980
26099,Macomb County,Mich.,4010
26101,Manistee County,Mich.,3167
26103,Marquette County,Mich.,3290
26105,Mason County,Mich.,3167
26107,Mecosta County,Mich.,3196
26109,Menominee County,Mich.,3200
26111,Midland County,Mich.,3380
26113,Missaukee County,Mich.,3167
26115,Monroe County,Mich.,3494
26117,Montcalm County,Mich.,3404
26119,Montmorency County,Mich.,3019
26121,Muskegon County,Mich.,3200
26123,Newaygo County,Mich.,3196
26125,Oakland County,Mich.,4010
26127,Oceana County,Mich.,3200
26129,Ogemaw County,Mich.,3196
26131,Ontonagon County,Mich.,3200
26133,Osceola County,Mich.,3167
26135,Oscoda County,Mich.,3019
26137,Otsego County,Mich.,3019
26139,Ottawa County,Mich.,3200
26141,Presque Isle County,Mich.,3023
26143,Roscommon County,Mich.,3196
26145,Saginaw County,Mich.,3369
26147,St. Clair County,Mich.,3489
26149,St. Joseph County,Mich.,3196
26151,Sanilac County,Mich.,3350
26153,Schoolcraft County,Mich.,3200
26155,Shiawassee County,Mich.,3369
26157,Tuscola County,Mich.,3350
26159,Van Buren County,Mich.,3300
26161,Washtenaw County,Mich.,3489
26163,Wayne County,Mich.,4027
26165,Wexford County,Mich.,3167
29001,Adair County,Mo.,5457
29003,Andrew County,Mo.,6457
29005,Atchison County,Mo.,6457
29007,Audrain County,Mo.,5855
29009,Barry County,Mo.,5425
29011,Barton County,Mo.,5425
29013,Bates County,Mo.,6457
29015,Benton County,Mo.,6457
29017,Bollinger County,Mo.,5855
29019,Boone County,Mo.,5954
29021,Buchanan County,Mo.,6750
29023,Butler County,Mo.,5855
29025,Caldwell County,Mo.,6457
29027,Callaway County,Mo.,5855
29029,Camden County,Mo.,5855
29031,Cape Girardeau County,Mo.,5855
29033,Carroll County,Mo.,6457
29035,Carter County,Mo.,5457
29037,Cass County,Mo.,6800
29039,Cedar County,Mo.,5425
29041,Chariton County,Mo.,5855
29043,Christian County,Mo.,5425
29045,Clark County,Mo.,5457
29047,Clay County,Mo.,6800
29049,Clinton County,Mo.,6750
29051,Cole County,Mo.,5855
29053,Cooper County,Mo.,5855
29055,Crawford County,Mo.,5457
29057,Dade County,Mo.,5425
29059,Dallas County,Mo.,5425
29061,Daviess County,Mo.,6457
29063,DeKalb County,Mo.,6457
29065,Dent County,Mo.,5457
29067,Douglas County,Mo.,5425
29069,Dunklin County,Mo.,5855
29071,Franklin County,Mo.,5541
29073,Gasconade County,Mo.,5855
29075,Gentry County,Mo.,6457
29077,Greene County,Mo.,5844
29079,Grundy County,Mo.,6457
29081,Harrison County,Mo.,6457
29083,Henry County,Mo.,6457
29085,Hickory County,Mo.,5425
29087,Holt County,Mo.,6457
29089,Howard County,Mo.,5855
29091,Howell County,Mo.,5457
29093,Iron County,Mo.,5457
29095,Jackson County,Mo.,6800
29097,Jasper County,Mo.,5844
29099,Jefferson County,Mo.,5541
29101,Johnson County,Mo.,6457
29103,Knox County,Mo.,5457
29105,Laclede County,Mo.,5425
29107,Lafayette County,Mo.,6457
29109,Lawrence County,Mo.,5425
29111,Lewis County,Mo.,5457
29113,Lincoln County,Mo.,5000
29115,Linn County,Mo.,5457
29117,Livingston County,Mo.,6457
29121,Macon County,Mo.,5457
29123,Madison County,Mo.,5855
29125,Maries County,Mo.,5855
29127,Marion County,Mo.,5457
29119,McDonald County,Mo.,5425
29129,Mercer County,Mo.,6457
29131,Miller County,Mo.,5855
29133,Mississippi County,Mo.,5855
29135,Moniteau County,Mo.,5855
29137,Monroe County,Mo.,5855
29139,Montgomery County,Mo.,5855
29141,Morgan County,Mo.,5855
29143,New Madrid County,Mo.,5855
29145,Newton County,Mo.,5844
29147,Nodaway County,Mo.,6457
29149,Oregon County,Mo.,5457
29151,Osage County,Mo.,5855
29153,Ozark County,Mo.,5425
29155,Pemiscot County,Mo.,5855
29157,Perry County,Mo.,5855
29159,Pettis County,Mo.,6457
29161,Phelps County,Mo.,5457
29163,Pike County,Mo.,5457
29165,Platte County,Mo.,6800
29167,Polk County,Mo.,5425
29169,Pulaski County,Mo.,5457
29171,Putnam County,Mo.,5457
29173,Ralls County,Mo.,5457
29175,Randolph County,Mo.,5855
29177,Ray County,Mo.,6457
29179,Reynolds County,Mo.,5457
29181,Ripley County,Mo.,5457
29183,St. Charles County,Mo.,5642
29185,St. Clair County,Mo.,6457
29187,St. Francois County,Mo.,5000
29189,St. Louis County,Mo.,5642
29510,St. Louis city,Mo.,5642
29186,Ste. Genevieve County,Mo.,5231
29195,Saline County,Mo.,6457
29197,Schuyler County,Mo.,5457
29199,Scotland County,Mo.,5457
29201,Scott County,Mo.,5855
29203,Shannon County,Mo.,5457
29205,Shelby County,Mo.,5457
29207,Stoddard County,Mo.,5855
29209,Stone County,Mo.,5425
29211,Sullivan County,Mo.,5457
29213,Taney County,Mo.,5425
29215,Texas County,Mo.,5457
29217,Vernon County,Mo.,6457
29219,Warren County,Mo.,5413
29221,Washington County,Mo.,5231
29223,Wayne County,Mo.,5855
29225,Webster County,Mo.,5425
29227,Worth County,Mo.,6457
29229,Wright County,Mo.,5425
28001,Adams County,Miss.,7150
28003,Alcorn County,Miss.,7150
28005,Amite County,Miss.,7150
28007,Attala County,Miss.,7150
28009,Benton County,Miss.,5620
28011,Bolivar County,Miss.,7150
28013,Calhoun County,Miss.,5620
28015,Carroll County,Miss.,7150
28017,Chickasaw County,Miss.,5620
28019,Choctaw County,Miss.,5825
28021,Claiborne County,Miss.,5620
28023,Clarke County,Miss.,5620
28025,Clay County,Miss.,5620
28027,Coahoma County,Miss.,5620
28029,Copiah County,Miss.,5825
28031,Covington County,Miss.,7150
28033,DeSoto County,Miss.,5945
28035,Forrest County,Miss.,5825
28037,Franklin County,Miss.,7150
28039,George County,Miss.,4500
28041,Greene County,Miss.,5620
28043,Grenada County,Miss.,7150
28045,Hancock County,Miss.,6850
28047,Harrison County,Miss.,4500
28049,Hinds County,Miss.,5945
28051,Holmes County,Miss.,7150
28053,Humphreys County,Miss.,7150
28055,Issaquena County,Miss.,5620
28057,Itawamba County,Miss.,5620
28059,Jackson County,Miss.,4500
28061,Jasper County,Miss.,5620
28063,Jefferson County,Miss.,7150
28065,Jefferson Davis County,Miss.,7150
28067,Jones County,Miss.,7150
28069,Kemper County,Miss.,5620
28071,Lafayette County,Miss.,5620
28073,Lamar County,Miss.,5825
28075,Lauderdale County,Miss.,5620
28077,Lawrence County,Miss.,7150
28079,Leake County,Miss.,7150
28081,Lee County,Miss.,5620
28083,Leflore County,Miss.,7150
28085,Lincoln County,Miss.,7150
28087,Lowndes County,Miss.,5620
28089,Madison County,Miss.,5945
28091,Marion County,Miss.,7150
28093,Marshall County,Miss.,5825
28095,Monroe County,Miss.,5620
28097,Montgomery County,Miss.,7150
28099,Neshoba County,Miss.,5620
28101,Newton County,Miss.,5620
28103,Noxubee County,Miss.,5620
28105,Oktibbeha County,Miss.,5620
28107,Panola County,Miss.,5620
28109,Pearl River County,Miss.,7150
28111,Perry County,Miss.,5620
28113,Pike County,Miss.,7150
28115,Pontotoc County,Miss.,5620
28117,Prentiss County,Miss.,5620
28119,Quitman County,Miss.,5620
28121,Rankin County,Miss.,5945
28123,Scott County,Miss.,5825
28125,Sharkey County,Miss.,7150
28127,Simpson County,Miss.,5825
28129,Smith County,Miss.,7150
28131,Stone County,Miss.,4500
28133,Sunflower County,Miss.,7150
28135,Tallahatchie County,Miss.,7150
28137,Tate County,Miss.,5825
28139,Tippah County,Miss.,5620
28141,Tishomingo County,Miss.,7150
28143,Tunica County,Miss.,5825
28145,Union County,Miss.,5620
28147,Walthall County,Miss.,7150
28149,Warren County,Miss.,5825
28151,Washington County,Miss.,7150
28153,Wayne County,Miss.,7150
28155,Webster County,Miss.,5620
28157,Wilkinson County,Miss.,7150
28159,Winston County,Miss.,7150
28161,Yalobusha County,Miss.,5825
28163,Yazoo County,Miss.,5620
30001,Beaverhead County,Mont.,6500
30003,Big Horn County,Mont.,6500
30005,Blaine County,Mont.,6500
30007,Broadwater County,Mont.,6500
30009,Carbon County,Mont.,6500
30011,Carter County,Mont.,6500
30013,Cascade County,Mont.,6500
30015,Chouteau County,Mont.,6500
30017,Custer County,Mont.,6500
30019,Daniels County,Mont.,6500
30021,Dawson County,Mont.,6500
30023,Deer Lodge County,Mont.,6500
30025,Fallon County,Mont.,6500
30027,Fergus County,Mont.,6500
30029,Flathead County,Mont.,6500
30031,Gallatin County,Mont.,6500
30033,Garfield County,Mont.,6500
30035,Glacier County,Mont.,6500
30037,Golden Valley County,Mont.,6500
30039,Granite County,Mont.,6500
30041,Hill County,Mont.,6500
30043,Jefferson County,Mont.,6500
30045,Judith Basin County,Mont.,6500
30047,Lake County,Mont.,6500
30049,Lewis and Clark County,Mont.,6500
30051,Liberty County,Mont.,6500
30053,Lincoln County,Mont.,6500
30055,McCone County,Mont.,6500
30057,Madison County,Mont.,6500
30059,Meagher County,Mont.,6500
30061,Mineral County,Mont.,6500
30063,Missoula County,Mont.,6500
30065,Musselshell County,Mont.,6500
30067,Park County,Mont.,6500
30069,Petroleum County,Mont.,6500
30071,Phillips County,Mont.,6500
30073,Pondera County,Mont.,6500
30075,Powder River County,Mont.,6500
30077,Powell County,Mont.,6500
30079,Prairie County,Mont.,6500
30081,Ravalli County,Mont.,6500
30083,Richland County,Mont.,6500
30085,Roosevelt County,Mont.,6500
30087,Rosebud County,Mont.,6500
30089,Sanders County,Mont.,6500
30091,Sheridan County,Mont.,6500
30093,Silver Bow County,Mont.,6500
30095,Stillwater County,Mont.,6500
30097,Sweet Grass County,Mont.,6500
30099,Teton County,Mont.,6500
30101,Toole County,Mont.,6500
30103,Treasure County,Mont.,6500
30105,Valley County,Mont.,6500
30107,Wheatland County,Mont.,6500
30109,Wibaux County,Mont.,6500
30111,Yellowstone County,Mont.,6500
37001,Alamance County,N.C.,6100
37003,Alexander County,N.C.,6430
37005,Alleghany County,N.C.,6311
37007,Anson County,N.C.,6229
37009,Ashe County,N.C.,6311
37011,Avery County,N.C.,6430
37013,Beaufort County,N.C.,5933
37015,Bertie County,N.C.,5933
37017,Bladen County,N.C.,6311
37019,Brunswick County,N.C.,6100
37021,Buncombe County,N.C.,6430
37023,Burke County,N.C.,6430
37025,Cabarrus County,N.C.,6229
37027,Caldwell County,N.C.,6430
37029,Camden County,N.C.,5933
37031,Carteret County,N.C.,5933
37033,Caswell County,N.C.,6100
37035,Catawba County,N.C.,6430
37037,Chatham County,N.C.,6100
37039,Cherokee County,N.C.,6311
37041,Chowan County,N.C.,5933
37043,Clay County,N.C.,6311
37045,Cleveland County,N.C.,6442
37047,Columbus County,N.C.,6100
37049,Craven County,N.C.,5933
37051,Cumberland County,N.C.,6430
37053,Currituck County,N.C.,5933
37055,Dare County,N.C.,5933
37057,Davidson County,N.C.,6100
37059,Davie County,N.C.,6100
37061,Duplin County,N.C.,6100
37063,Durham County,N.C.,6100
37065,Edgecombe County,N.C.,5933
37067,Forsyth County,N.C.,6100
37069,Franklin County,N.C.,6100
37071,Gaston County,N.C.,6442
37073,Gates County,N.C.,5933
37075,Graham County,N.C.,6311
37077,Granville County,N.C.,6311
37079,Greene County,N.C.,6311
37081,Guilford County,N.C.,6311
37083,Halifax County,N.C.,5933
37085,Harnett County,N.C.,6430
37087,Haywood County,N.C.,6430
37089,Henderson County,N.C.,6430
37091,Hertford County,N.C.,5933
37093,Hoke County,N.C.,6311
37095,Hyde County,N.C.,5933
37097,Iredell County,N.C.,6430
37099,Jackson County,N.C.,6430
37101,Johnston County,N.C.,6100
37103,Jones County,N.C.,5933
37105,Lee County,N.C.,6100
37107,Lenoir County,N.C.,5933
37109,Lincoln County,N.C.,6442
37113,Macon County,N.C.,6311
37115,Madison County,N.C.,6430
37117,Martin County,N.C.,5933
37111,McDowell County,N.C.,6430
37119,Mecklenburg County,N.C.,6229
37121,Mitchell County,N.C.,6430
37123,Montgomery County,N.C.,6311
37125,Moore County,N.C.,6311
37127,Nash County,N.C.,6311
37129,New Hanover County,N.C.,6100
37131,Northampton County,N.C.,5933
37133,Onslow County,N.C.,6100
37135,Orange County,N.C.,6100
37137,Pamlico County,N.C.,5933
37139,Pasquotank County,N.C.,5933
37141,Pender County,N.C.,6100
37143,Perquimans County,N.C.,5933
37145,Person County,N.C.,6100
37147,Pitt County,N.C.,5933
37149,Polk County,N.C.,6430
37151,Randolph County,N.C.,6311
37153,Richmond County,N.C.,6311
37155,Robeson County,N.C.,6430
37157,Rockingham County,N.C.,6311
37159,Rowan County,N.C.,6150
37161,Rutherford County,N.C.,6430
37163,Sampson County,N.C.,6311
37165,Scotland County,N.C.,6311
37167,Stanly County,N.C.,6229
37169,Stokes County,N.C.,6100
37171,Surry County,N.C.,6100
37173,Swain County,N.C.,6311
37175,Transylvania County,N.C.,6430
37177,Tyrrell County,N.C.,5933
37179,Union County,N.C.,6229
37181,Vance County,N.C.,6311
37183,Wake County,N.C.,6100
37185,Warren County,N.C.,6311
37187,Washington County,N.C.,5933
37189,Watauga County,N.C.,6311
37191,Wayne County,N.C.,6311
37193,Wilkes County,N.C.,6311
37195,Wilson County,N.C.,6311
37197,Yadkin County,N.C.,6100
37199,Yancey County,N.C.,6430
38001,Adams County,N.D.,5157
38003,Barnes County,N.D.,5157
38005,Benson County,N.D.,5157
38007,Billings County,N.D.,5157
38009,Bottineau County,N.D.,4880
38011,Bowman County,N.D.,5157
38013,Burke County,N.D.,4880
38015,Burleigh County,N.D.,5388
38017,Cass County,N.D.,5388
38019,Cavalier County,N.D.,5157
38021,Dickey County,N.D.,5157
38023,Divide County,N.D.,4880
38025,Dunn County,N.D.,4880
38027,Eddy County,N.D.,5157
38029,Emmons County,N.D.,5157
38031,Foster County,N.D.,5157
38033,Golden Valley County,N.D.,4880
38035,Grand Forks County,N.D.,5157
38037,Grant County,N.D.,5157
38039,Griggs County,N.D.,5157
38041,Hettinger County,N.D.,5157
38043,Kidder County,N.D.,5157
38045,LaMoure County,N.D.,5157
38047,Logan County,N.D.,5157
38049,McHenry County,N.D.,5157
38051,McIntosh County,N.D.,5157
38053,McKenzie County,N.D.,4880
38055,McLean County,N.D.,5157
38057,Mercer County,N.D.,5157
38059,Morton County,N.D.,5388
38061,Mountrail County,N.D.,4880
38063,Nelson County,N.D.,5157
38065,Oliver County,N.D.,5388
38067,Pembina County,N.D.,5157
38069,Pierce County,N.D.,5157
38071,Ramsey County,N.D.,5157
38073,Ransom County,N.D.,5157
38075,Renville County,N.D.,4880
38077,Richland County,N.D.,5157
38079,Rolette County,N.D.,5157
38081,Sargent County,N.D.,5157
38083,Sheridan County,N.D.,5157
38085,Sioux County,N.D.,5157
38087,Slope County,N.D.,5157
38089,Stark County,N.D.,5157
38091,Steele County,N.D.,5157
38093,Stutsman County,N.D.,5157
38095,Towner County,N.D.,5157
38097,Traill County,N.D.,5388
38099,Walsh County,N.D.,5157
38101,Ward County,N.D.,5157
38103,Wells County,N.D.,5157
38105,Williams County,N.D.,4880
31001,Adams County,Neb.,5600
31003,Antelope County,Neb.,5600
31005,Arthur County,Neb.,5633
31007,Banner County,Neb.,5633
31009,Blaine County,Neb.,5600
31011,Boone County,Neb.,5600
31013,Box Butte County,Neb.,5633
31015,Boyd County,Neb.,5600
31017,Brown County,Neb.,5633
31019,Buffalo County,Neb.,5600
31021,Burt County,Neb.,5375
31023,Butler County,Neb.,5600
31025,Cass County,Neb.,5375
31027,Cedar County,Neb.,5600
31029,Chase County,Neb.,5633
31031,Cherry County,Neb.,5633
31033,Cheyenne County,Neb.,5633
31035,Clay County,Neb.,5600
31037,Colfax County,Neb.,5600
31039,Cuming County,Neb.,5600
31041,Custer County,Neb.,5600
31043,Dakota County,Neb.,5600
31045,Dawes County,Neb.,5633
31047,Dawson County,Neb.,5600
31049,Deuel County,Neb.,5633
31051,Dixon County,Neb.,5600
31053,Dodge County,Neb.,5375
31055,Douglas County,Neb.,5857
31057,Dundy County,Neb.,5633
31059,Fillmore County,Neb.,5600
31061,Franklin County,Neb.,5600
31063,Frontier County,Neb.,5633
31065,Furnas County,Neb.,5600
31067,Gage County,Neb.,5600
31069,Garden County,Neb.,5633
31071,Garfield County,Neb.,5600
31073,Gosper County,Neb.,5600
31075,Grant County,Neb.,5633
31077,Greeley County,Neb.,5600
31079,Hall County,Neb.,5600
31081,Hamilton County,Neb.,5600
31083,Harlan County,Neb.,5600
31085,Hayes County,Neb.,5633
31087,Hitchcock County,Neb.,5633
31089,Holt County,Neb.,5600
31091,Hooker County,Neb.,5633
31093,Howard County,Neb.,5600
31095,Jefferson County,Neb.,5600
31097,Johnson County,Neb.,5600
31099,Kearney County,Neb.,5600
31101,Keith County,Neb.,5633
31103,Keya Paha County,Neb.,5600
31105,Kimball County,Neb.,5633
31107,Knox County,Neb.,5300
31109,Lancaster County,Neb.,5600
31111,Lincoln County,Neb.,5633
31113,Logan County,Neb.,5633
31115,Loup County,Neb.,5600
31119,Madison County,Neb.,5600
31117,McPherson County,Neb.,5633
31121,Merrick County,Neb.,5600
31123,Morrill County,Neb.,5633
31125,Nance County,Neb.,5600
31127,Nemaha County,Neb.,5600
31129,Nuckolls County,Neb.,5600
31131,Otoe County,Neb.,5375
31133,Pawnee County,Neb.,5600
31135,Perkins County,Neb.,5633
31137,Phelps County,Neb.,5600
31139,Pierce County,Neb.,5600
31141,Platte County,Neb.,5600
31143,Polk County,Neb.,5600
31145,Red Willow County,Neb.,5633
31147,Richardson County,Neb.,5600
31149,Rock County,Neb.,5600
31151,Saline County,Neb.,5600
31153,Sarpy County,Neb.,5857
31155,Saunders County,Neb.,5375
31157,Scotts Bluff County,Neb.,5633
31159,Seward County,Neb.,5600
31161,Sheridan County,Neb.,5633
31163,Sherman County,Neb.,5600
31165,Sioux County,Neb.,5633
31167,Stanton County,Neb.,5600
31169,Thayer County,Neb.,5600
31171,Thomas County,Neb.,5633
31173,Thurston County,Neb.,5300
31175,Valley County,Neb.,5600
31177,Washington County,Neb.,5375
31179,Wayne County,Neb.,5600
31181,Webster County,Neb.,5600
31183,Wheeler County,Neb.,5600
31185,York County,Neb.,5600
33001,Belknap County,N.H.,5069
33003,Carroll County,N.H.,4864
33005,Cheshire County,N.H.,5079
33007,Coos County,N.H.,4864
33009,Grafton County,N.H.,5069
33011,Hillsborough County,N.H.,5069
33013,Merrimack County,N.H.,5069
33015,Rockingham County,N.H.,5069
33017,Strafford County,N.H.,5069
33019,Sullivan County,N.H.,5069
34001,Atlantic County,N.J.,3956
34003,Bergen County,N.J.,3724
34005,Burlington County,N.J.,3956
34007,Camden County,N.J.,3956
34009,Cape May County,N.J.,3956
34011,Cumberland County,N.J.,3953
34013,Essex County,N.J.,3724
34015,Gloucester County,N.J.,3956
34017,Hudson County,N.J.,3724
34019,Hunterdon County,N.J.,4000
34021,Mercer County,N.J.,3953
34023,Middlesex County,N.J.,3724
34025,Monmouth County,N.J.,3517
34027,Morris County,N.J.,3724
34029,Ocean County,N.J.,3724
34031,Passaic County,N.J.,3724
34033,Salem County,N.J.,3953
34035,Somerset County,N.J.,3953
34037,Sussex County,N.J.,3953
34039,Union County,N.J.,3724
34041,Warren County,N.J.,3953
35001,Bernalillo County,N.M.,7753
35003,Catron County,N.M.,7475
35005,Chaves County,N.M.,7475
35006,Cibola County,N.M.,7475
35007,Colfax County,N.M.,7475
35009,Curry County,N.M.,7475
35011,De Baca County,N.M.,7475
35013,Doña Ana County,N.M.,7475
35015,Eddy County,N.M.,7475
35017,Grant County,N.M.,7475
35019,Guadalupe County,N.M.,7475
35021,Harding County,N.M.,7475
35023,Hidalgo County,N.M.,7475
35025,Lea County,N.M.,7475
35027,Lincoln County,N.M.,7475
35028,Los Alamos County,N.M.,7475
35029,Luna County,N.M.,7475
35031,McKinley County,N.M.,7475
35033,Mora County,N.M.,7475
35035,Otero County,N.M.,7475
35037,Quay County,N.M.,7475
35039,Rio Arriba County,N.M.,7475
35041,Roosevelt County,N.M.,7475
35043,Sandoval County,N.M.,7475
35045,San Juan County,N.M.,7475
35047,San Miguel County,N.M.,7753
35049,Santa Fe County,N.M.,7475
35051,Sierra County,N.M.,7475
35053,Socorro County,N.M.,7475
35055,Taos County,N.M.,7475
35057,Torrance County,N.M.,7753
35059,Union County,N.M.,7475
35061,Valencia County,N.M.,7753
32510,Carson City,Nev.,5538
32001,Churchill County,Nev.,4167
32003,Clark County,Nev.,6556
32005,Douglas County,Nev.,5538
32007,Elko County,Nev.,4167
32009,Esmeralda County,Nev.,4167
32011,Eureka County,Nev.,4167
32013,Humboldt County,Nev.,4167
32015,Lander County,Nev.,4167
32017,Lincoln County,Nev.,4167
32019,Lyon County,Nev.,5538
32021,Mineral County,Nev.,4167
32023,Nye County,Nev.,6556
32027,Pershing County,Nev.,4167
32029,Storey County,Nev.,5538
32031,Washoe County,Nev.,5944
32033,White Pine County,Nev.,4167
39001,Adams County,Ohio,4818
39003,Allen County,Ohio,5605
39005,Ashland County,Ohio,5187
39007,Ashtabula County,Ohio,5265
39009,Athens County,Ohio,4789
39011,Auglaize County,Ohio,4600
39013,Belmont County,Ohio,4833
39015,Brown County,Ohio,4818
39017,Butler County,Ohio,5230
39019,Carroll County,Ohio,5029
39021,Champaign County,Ohio,4600
39023,Clark County,Ohio,4840
39025,Clermont County,Ohio,5080
39027,Clinton County,Ohio,4818
39029,Columbiana County,Ohio,5050
39031,Coshocton County,Ohio,4625
39033,Crawford County,Ohio,4726
39035,Cuyahoga County,Ohio,5793
39037,Darke County,Ohio,4682
39039,Defiance County,Ohio,4872
39041,Delaware County,Ohio,5221
39043,Erie County,Ohio,4726
39045,Fairfield County,Ohio,5169
39047,Fayette County,Ohio,4889
39049,Franklin County,Ohio,5169
39051,Fulton County,Ohio,4993
39053,Gallia County,Ohio,4833
39055,Geauga County,Ohio,5287
39057,Greene County,Ohio,5048
39059,Guernsey County,Ohio,4625
39061,Hamilton County,Ohio,5781
39063,Hancock County,Ohio,4687
39065,Hardin County,Ohio,4726
39067,Harrison County,Ohio,4833
39069,Henry County,Ohio,4993
39071,Highland County,Ohio,4818
39073,Hocking County,Ohio,4625
39075,Holmes County,Ohio,4972
39077,Huron County,Ohio,4687
39079,Jackson County,Ohio,4833
39081,Jefferson County,Ohio,4833
39083,Knox County,Ohio,4726
39085,Lake County,Ohio,5247
39087,Lawrence County,Ohio,4833
39089,Licking County,Ohio,5169
39091,Logan County,Ohio,4625
39093,Lorain County,Ohio,5249
39095,Lucas County,Ohio,5671
39097,Madison County,Ohio,5050
39099,Mahoning County,Ohio,5287
39101,Marion County,Ohio,4726
39103,Medina County,Ohio,5436
39105,Meigs County,Ohio,4833
39107,Mercer County,Ohio,4600
39109,Miami County,Ohio,5048
39111,Monroe County,Ohio,4833
39113,Montgomery County,Ohio,5716
39115,Morgan County,Ohio,4833
39117,Morrow County,Ohio,4943
39119,Muskingum County,Ohio,4625
39121,Noble County,Ohio,4833
39123,Ottawa County,Ohio,4832
39125,Paulding County,Ohio,4726
39127,Perry County,Ohio,4625
39129,Pickaway County,Ohio,5050
39131,Pike County,Ohio,4625
39133,Portage County,Ohio,5436
39135,Preble County,Ohio,5048
39137,Putnam County,Ohio,4687
39139,Richland County,Ohio,4726
39141,Ross County,Ohio,4588
39143,Sandusky County,Ohio,4726
39145,Scioto County,Ohio,4789
39147,Seneca County,Ohio,4687
39149,Shelby County,Ohio,4682
39151,Stark County,Ohio,5662
39153,Summit County,Ohio,5920
39155,Trumbull County,Ohio,5287
39157,Tuscarawas County,Ohio,4878
39159,Union County,Ohio,5050
39161,Van Wert County,Ohio,4600
39163,Vinton County,Ohio,4833
39165,Warren County,Ohio,5156
39167,Washington County,Ohio,4833
39169,Wayne County,Ohio,5063
39171,Williams County,Ohio,4726
39173,Wood County,Ohio,5097
39175,Wyandot County,Ohio,4726
40001,Adair County,Okla.,9509
40003,Alfalfa County,Okla.,9211
40005,Atoka County,Okla.,11114
40007,Beaver County,Okla.,11467
40009,Beckham County,Okla.,11114
40011,Blaine County,Okla.,9509
40013,Bryan County,Okla.,11220
40015,Caddo County,Okla.,9211
40017,Canadian County,Okla.,8892
40019,Carter County,Okla.,9509
40021,Cherokee County,Okla.,9211
40023,Choctaw County,Okla.,11114
40025,Cimarron County,Okla.,11467
40027,Cleveland County,Okla.,8644
40029,Coal County,Okla.,11114
40031,Comanche County,Okla.,11114
40033,Cotton County,Okla.,9211
40035,Craig County,Okla.,9509
40037,Creek County,Okla.,8644
40039,Custer County,Okla.,11114
40041,Delaware County,Okla.,9211
40043,Dewey County,Okla.,9211
40045,Ellis County,Okla.,11467
40047,Garfield County,Okla.,9211
40049,Garvin County,Okla.,9211
40051,Grady County,Okla.,8892
40053,Grant County,Okla.,9211
40055,Greer County,Okla.,11114
40057,Harmon County,Okla.,11220
40059,Harper County,Okla.,11467
40061,Haskell County,Okla.,9509
40063,Hughes County,Okla.,9509
40065,Jackson County,Okla.,11220
40067,Jefferson County,Okla.,9509
40069,Johnston County,Okla.,11114
40071,Kay County,Okla.,11220
40073,Kingfisher County,Okla.,9509
40075,Kiowa County,Okla.,9509
40077,Latimer County,Okla.,11114
40079,Le Flore County,Okla.,11220
40081,Lincoln County,Okla.,8892
40083,Logan County,Okla.,8892
40085,Love County,Okla.,9509
40093,Major County,Okla.,9211
40095,Marshall County,Okla.,11220
40097,Mayes County,Okla.,9211
40087,McClain County,Okla.,8892
40089,McCurtain County,Okla.,11114
40091,McIntosh County,Okla.,9211
40099,Murray County,Okla.,11114
40101,Muskogee County,Okla.,9509
40103,Noble County,Okla.,9509
40105,Nowata County,Okla.,9211
40107,Okfuskee County,Okla.,9211
40109,Oklahoma County,Okla.,8644
40111,Okmulgee County,Okla.,8644
40113,Osage County,Okla.,8644
40115,Ottawa County,Okla.,9211
40117,Pawnee County,Okla.,8892
40119,Payne County,Okla.,11114
40121,Pittsburg County,Okla.,9211
40123,Pontotoc County,Okla.,9509
40125,Pottawatomie County,Okla.,9509
40127,Pushmataha County,Okla.,9509
40129,Roger Mills County,Okla.,11114
40131,Rogers County,Okla.,8644
40133,Seminole County,Okla.,9211
40135,Sequoyah County,Okla.,9211
40137,Stephens County,Okla.,11220
40139,Texas County,Okla.,11467
40141,Tillman County,Okla.,9509
40143,Tulsa County,Okla.,8644
40145,Wagoner County,Okla.,8644
40147,Washington County,Okla.,9610
40149,Washita County,Okla.,11220
40151,Woods County,Okla.,8743
40153,Woodward County,Okla.,11467
41001,Baker County,Ore.,4842
41003,Benton County,Ore.,5074
41005,Clackamas County,Ore.,4522
41007,Clatsop County,Ore.,4842
41009,Columbia County,Ore.,4705
41011,Coos County,Ore.,5260
41013,Crook County,Ore.,5260
41015,Curry County,Ore.,5344
41017,Deschutes County,Ore.,5260
41019,Douglas County,Ore.,4381
41021,Gilliam County,Ore.,4842
41023,Grant County,Ore.,4842
41025,Harney County,Ore.,4842
41027,Hood River County,Ore.,5074
41029,Jackson County,Ore.,4842
41031,Jefferson County,Ore.,4842
41033,Josephine County,Ore.,4381
41035,Klamath County,Ore.,4381
41037,Lake County,Ore.,4842
41039,Lane County,Ore.,5248
41041,Lincoln County,Ore.,4842
41043,Linn County,Ore.,5074
41045,Malheur County,Ore.,4842
41047,Marion County,Ore.,4681
41049,Morrow County,Ore.,4842
41051,Multnomah County,Ore.,4522
41053,Polk County,Ore.,4681
41055,Sherman County,Ore.,4842
41057,Tillamook County,Ore.,4842
41059,Umatilla County,Ore.,4842
41061,Union County,Ore.,5260
41063,Wallowa County,Ore.,4842
41065,Wasco County,Ore.,4842
41067,Washington County,Ore.,4522
41069,Wheeler County,Ore.,4842
41071,Yamhill County,Ore.,4989
42001,Adams County,Pa.,4867
42003,Allegheny County,Pa.,4587
42005,Armstrong County,Pa.,5167
42007,Beaver County,Pa.,4816
42009,Bedford County,Pa.,5080
42011,Berks County,Pa.,4867
42013,Blair County,Pa.,5622
42015,Bradford County,Pa.,5833
42017,Bucks County,Pa.,5336
42019,Butler County,Pa.,4816
42021,Cambria County,Pa.,5622
42023,Cameron County,Pa.,5500
42025,Carbon County,Pa.,5833
42027,Centre County,Pa.,4776
42029,Chester County,Pa.,5336
42031,Clarion County,Pa.,4846
42033,Clearfield County,Pa.,5500
42035,Clinton County,Pa.,5714
42037,Columbia County,Pa.,4914
42039,Crawford County,Pa.,4946
42041,Cumberland County,Pa.,4867
42043,Dauphin County,Pa.,4876
42045,Delaware County,Pa.,5336
42047,Elk County,Pa.,4846
42049,Erie County,Pa.,4606
42051,Fayette County,Pa.,5167
42053,Forest County,Pa.,4846
42055,Franklin County,Pa.,4433
42057,Fulton County,Pa.,4867
42059,Greene County,Pa.,5167
42061,Huntingdon County,Pa.,5500
42063,Indiana County,Pa.,5167
42065,Jefferson County,Pa.,5500
42067,Juniata County,Pa.,4914
42069,Lackawanna County,Pa.,5714
42071,Lancaster County,Pa.,4867
42073,Lawrence County,Pa.,5167
42075,Lebanon County,Pa.,4867
42077,Lehigh County,Pa.,4979
42079,Luzerne County,Pa.,5714
42081,Lycoming County,Pa.,5714
42083,McKean County,Pa.,4946
42085,Mercer County,Pa.,5167
42087,Mifflin County,Pa.,4914
42089,Monroe County,Pa.,5714
42091,Montgomery County,Pa.,5336
42093,Montour County,Pa.,4914
42095,Northampton County,Pa.,4979
42097,Northumberland County,Pa.,4914
42099,Perry County,Pa.,4876
42101,Philadelphia County,Pa.,5336
42103,Pike County,Pa.,5833
42105,Potter County,Pa.,5500
42107,Schuylkill County,Pa.,4914
42109,Snyder County,Pa.,4914
42111,Somerset County,Pa.,5622
42113,Sullivan County,Pa.,5833
42115,Susquehanna County,Pa.,5714
42117,Tioga County,Pa.,5833
42119,Union County,Pa.,4914
42121,Venango County,Pa.,5080
42123,Warren County,Pa.,4946
42125,Washington County,Pa.,4816
42127,Wayne County,Pa.,5714
42129,Westmoreland County,Pa.,4816
42131,Wyoming County,Pa.,5714
42133,York County,Pa.,4867
45001,Abbeville County,S.C.,5139
45003,Aiken County,S.C.,5139
45005,Allendale County,S.C.,5139
45007,Anderson County,S.C.,5139
45009,Bamberg County,S.C.,5139
45011,Barnwell County,S.C.,5139
45013,Beaufort County,S.C.,5139
45015,Berkeley County,S.C.,5230
45017,Calhoun County,S.C.,5230
45019,Charleston County,S.C.,5230
45021,Cherokee County,S.C.,5139
45023,Chester County,S.C.,5139
45025,Chesterfield County,S.C.,5139
45027,Clarendon County,S.C.,5139
45029,Colleton County,S.C.,5139
45031,Darlington County,S.C.,5139
45033,Dillon County,S.C.,5139
45035,Dorchester County,S.C.,5230
45037,Edgefield County,S.C.,5139
45039,Fairfield County,S.C.,5230
45041,Florence County,S.C.,5230
45043,Georgetown County,S.C.,5139
45045,Greenville County,S.C.,5230
45047,Greenwood County,S.C.,5139
45049,Hampton County,S.C.,5139
45051,Horry County,S.C.,5139
45053,Jasper County,S.C.,5139
45055,Kershaw County,S.C.,5230
45057,Lancaster County,S.C.,5230
45059,Laurens County,S.C.,5139
45061,Lee County,S.C.,5139
45063,Lexington County,S.C.,5230
45067,Marion County,S.C.,5139
45069,Marlboro County,S.C.,5139
45065,McCormick County,S.C.,5139
45071,Newberry County,S.C.,5230
45073,Oconee County,S.C.,5139
45075,Orangeburg County,S.C.,5230
45077,Pickens County,S.C.,5139
45079,Richland County,S.C.,5230
45081,Saluda County,S.C.,5139
45083,Spartanburg County,S.C.,5230
45085,Sumter County,S.C.,5230
45087,Union County,S.C.,5139
45089,Williamsburg County,S.C.,5139
45091,York County,S.C.,5230
46003,Aurora County,S.D.,5632
46005,Beadle County,S.D.,5632
46007,Bennett County,S.D.,5632
46009,Bon Homme County,S.D.,5632
46011,Brookings County,S.D.,5632
46013,Brown County,S.D.,5600
46015,Brule County,S.D.,5632
46017,Buffalo County,S.D.,5632
46019,Butte County,S.D.,5632
46021,Campbell County,S.D.,5632
46023,Charles Mix County,S.D.,5632
46025,Clark County,S.D.,5632
46027,Clay County,S.D.,5632
46029,Codington County,S.D.,5632
46031,Corson County,S.D.,5632
46033,Custer County,S.D.,5632
46035,Davison County,S.D.,5632
46037,Day County,S.D.,5632
46039,Deuel County,S.D.,5632
46041,Dewey County,S.D.,5632
46043,Douglas County,S.D.,5632
46045,Edmunds County,S.D.,5600
46047,Fall River County,S.D.,5632
46049,Faulk County,S.D.,5632
46051,Grant County,S.D.,5632
46053,Gregory County,S.D.,5632
46055,Haakon County,S.D.,5632
46057,Hamlin County,S.D.,5632
46059,Hand County,S.D.,5632
46061,Hanson County,S.D.,5632
46063,Harding County,S.D.,5632
46065,Hughes County,S.D.,5632
46067,Hutchinson County,S.D.,5632
46069,Hyde County,S.D.,5632
46071,Jackson County,S.D.,5632
46073,Jerauld County,S.D.,5632
46075,Jones County,S.D.,5632
46077,Kingsbury County,S.D.,5632
46079,Lake County,S.D.,5632
46081,Lawrence County,S.D.,5632
46083,Lincoln County,S.D.,5600
46085,Lyman County,S.D.,5632
46091,Marshall County,S.D.,5600
46087,McCook County,S.D.,5600
46089,McPherson County,S.D.,5600
46093,Meade County,S.D.,5632
46095,Mellette County,S.D.,5632
46097,Miner County,S.D.,5632
46099,Minnehaha County,S.D.,5600
46101,Moody County,S.D.,5632
46103,Pennington County,S.D.,5632
46105,Perkins County,S.D.,5632
46107,Potter County,S.D.,5632
46109,Roberts County,S.D.,5632
46111,Sanborn County,S.D.,5632
46113,Shannon County,S.D.,5632
46115,Spink County,S.D.,5632
46117,Stanley County,S.D.,5632
46119,Sully County,S.D.,5632
46121,Todd County,S.D.,5632
46123,Tripp County,S.D.,5632
46125,Turner County,S.D.,5600
46127,Union County,S.D.,5632
46129,Walworth County,S.D.,5632
46135,Yankton County,S.D.,5632
46137,Ziebach County,S.D.,5632
47001,Anderson County,Tenn.,5449
47003,Bedford County,Tenn.,5496
47005,Benton County,Tenn.,5496
47007,Bledsoe County,Tenn.,5441
47009,Blount County,Tenn.,5449
47011,Bradley County,Tenn.,5441
47013,Campbell County,Tenn.,5449
47015,Cannon County,Tenn.,5496
47017,Carroll County,Tenn.,5496
47019,Carter County,Tenn.,5496
47021,Cheatham County,Tenn.,5621
47023,Chester County,Tenn.,5496
47025,Claiborne County,Tenn.,5449
47027,Clay County,Tenn.,5496
47029,Cocke County,Tenn.,5449
47031,Coffee County,Tenn.,5496
47033,Crockett County,Tenn.,5496
47035,Cumberland County,Tenn.,5496
47037,Davidson County,Tenn.,5621
47039,Decatur County,Tenn.,5496
47041,DeKalb County,Tenn.,5496
47043,Dickson County,Tenn.,5496
47045,Dyer County,Tenn.,5496
47047,Fayette County,Tenn.,5621
47049,Fentress County,Tenn.,5496
47051,Franklin County,Tenn.,5441
47053,Gibson County,Tenn.,5496
47055,Giles County,Tenn.,5496
47057,Grainger County,Tenn.,5449
47059,Greene County,Tenn.,5496
47061,Grundy County,Tenn.,5441
47063,Hamblen County,Tenn.,5449
47065,Hamilton County,Tenn.,5441
47067,Hancock County,Tenn.,5496
47069,Hardeman County,Tenn.,5496
47071,Hardin County,Tenn.,5496
47073,Hawkins County,Tenn.,5496
47075,Haywood County,Tenn.,5621
47077,Henderson County,Tenn.,5496
47079,Henry County,Tenn.,5496
47081,Hickman County,Tenn.,5496
47083,Houston County,Tenn.,5496
47085,Humphreys County,Tenn.,5496
47087,Jackson County,Tenn.,5496
47089,Jefferson County,Tenn.,5449
47091,Johnson County,Tenn.,5496
47093,Knox County,Tenn.,5449
47095,Lake County,Tenn.,5496
47097,Lauderdale County,Tenn.,5621
47099,Lawrence County,Tenn.,5496
47101,Lewis County,Tenn.,5496
47103,Lincoln County,Tenn.,5496
47105,Loudon County,Tenn.,5449
47111,Macon County,Tenn.,5496
47113,Madison County,Tenn.,5496
47115,Marion County,Tenn.,5441
47117,Marshall County,Tenn.,5496
47119,Maury County,Tenn.,5496
47107,McMinn County,Tenn.,5441
47109,McNairy County,Tenn.,5496
47121,Meigs County,Tenn.,5441
47123,Monroe County,Tenn.,5449
47125,Montgomery County,Tenn.,5621
47127,Moore County,Tenn.,5496
47129,Morgan County,Tenn.,5449
47131,Obion County,Tenn.,5496
47133,Overton County,Tenn.,5496
47135,Perry County,Tenn.,5496
47137,Pickett County,Tenn.,5496
47139,Polk County,Tenn.,5441
47141,Putnam County,Tenn.,5496
47143,Rhea County,Tenn.,5441
47145,Roane County,Tenn.,5449
47147,Robertson County,Tenn.,5621
47149,Rutherford County,Tenn.,5621
47151,Scott County,Tenn.,5449
47153,Sequatchie County,Tenn.,5441
47155,Sevier County,Tenn.,5449
47157,Shelby County,Tenn.,5621
47159,Smith County,Tenn.,5496
47161,Stewart County,Tenn.,5496
47163,Sullivan County,Tenn.,5496
47165,Sumner County,Tenn.,5621
47167,Tipton County,Tenn.,5621
47169,Trousdale County,Tenn.,5621
47171,Unicoi County,Tenn.,5496
47173,Union County,Tenn.,5449
47175,Van Buren County,Tenn.,5496
47177,Warren County,Tenn.,5496
47179,Washington County,Tenn.,5496
47181,Wayne County,Tenn.,5496
47183,Weakley County,Tenn.,5496
47185,White County,Tenn.,5496
47187,Williamson County,Tenn.,5621
47189,Wilson County,Tenn.,5621
48001,Anderson County,Texas,11467
48003,Andrews County,Texas,10400
48005,Angelina County,Texas,11467
48007,Aransas County,Texas,9560
48009,Archer County,Texas,9975
48011,Armstrong County,Texas,9311
48013,Atascosa County,Texas,8817
48015,Austin County,Texas,7544
48017,Bailey County,Texas,10400
48019,Bandera County,Texas,7807
48021,Bastrop County,Texas,7641
48023,Baylor County,Texas,11467
48025,Bee County,Texas,10422
48027,Bell County,Texas,7384
48029,Bexar County,Texas,7415
48031,Blanco County,Texas,7812
48033,Borden County,Texas,10400
48035,Bosque County,Texas,8573
48037,Bowie County,Texas,9975
48039,Brazoria County,Texas,6986
48041,Brazos County,Texas,7459
48043,Brewster County,Texas,10400
48045,Briscoe County,Texas,10400
48047,Brooks County,Texas,8276
48049,Brown County,Texas,11467
48051,Burleson County,Texas,8100
48053,Burnet County,Texas,7721
48055,Caldwell County,Texas,7641
48057,Calhoun County,Texas,9975
48059,Callahan County,Texas,9311
48061,Cameron County,Texas,7361
48063,Camp County,Texas,11467
48065,Carson County,Texas,9311
48067,Cass County,Texas,11467
48069,Castro County,Texas,10400
48071,Chambers County,Texas,7331
48073,Cherokee County,Texas,11467
48075,Childress County,Texas,10400
48077,Clay County,Texas,9975
48079,Cochran County,Texas,10400
48081,Coke County,Texas,8573
48083,Coleman County,Texas,8573
48085,Collin County,Texas,6654
48087,Collingsworth County,Texas,10400
48089,Colorado County,Texas,10225
48091,Comal County,Texas,7271
48093,Comanche County,Texas,10400
48095,Concho County,Texas,9030
48097,Cooke County,Texas,8555
48099,Coryell County,Texas,7724
48101,Cottle County,Texas,10400
48103,Crane County,Texas,10400
48105,Crockett County,Texas,9030
48107,Crosby County,Texas,9311
48109,Culberson County,Texas,11467
48111,Dallam County,Texas,10400
48113,Dallas County,Texas,6654
48115,Dawson County,Texas,10400
48123,DeWitt County,Texas,11467
48117,Deaf Smith County,Texas,10400
48119,Delta County,Texas,9975
48121,Denton County,Texas,7375
48125,Dickens County,Texas,10400
48127,Dimmit County,Texas,11467
48129,Donley County,Texas,10400
48131,Duval County,Texas,11467
48133,Eastland County,Texas,10400
48135,Ector County,Texas,9311
48137,Edwards County,Texas,11467
48141,El Paso County,Texas,7350
48139,Ellis County,Texas,7347
48143,Erath County,Texas,7475
48145,Falls County,Texas,8020
48147,Fannin County,Texas,8555
48149,Fayette County,Texas,7783
48151,Fisher County,Texas,10400
48153,Floyd County,Texas,10400
48155,Foard County,Texas,11467
48157,Fort Bend County,Texas,7104
48159,Franklin County,Texas,11467
48161,Freestone County,Texas,8573
48163,Frio County,Texas,11467
48165,Gaines County,Texas,10400
48167,Galveston County,Texas,6986
48169,Garza County,Texas,10400
48171,Gillespie County,Texas,11467
48173,Glasscock County,Texas,10400
48175,Goliad County,Texas,9975
48177,Gonzales County,Texas,11467
48179,Gray County,Texas,10400
48181,Grayson County,Texas,8085
48183,Gregg County,Texas,9975
48185,Grimes County,Texas,7720
48187,Guadalupe County,Texas,7484
48189,Hale County,Texas,10400
48191,Hall County,Texas,10400
48193,Hamilton County,Texas,8573
48195,Hansford County,Texas,10400
48197,Hardeman County,Texas,11467
48199,Hardin County,Texas,9273
48201,Harris County,Texas,6739
48203,Harrison County,Texas,11467
48205,Hartley County,Texas,10400
48207,Haskell County,Texas,10400
48209,Hays County,Texas,7204
48211,Hemphill County,Texas,10400
48213,Henderson County,Texas,8555
48215,Hidalgo County,Texas,7419
48217,Hill County,Texas,8573
48219,Hockley County,Texas,10400
48221,Hood County,Texas,7707
48223,Hopkins County,Texas,11467
48225,Houston County,Texas,10400
48227,Howard County,Texas,10400
48229,Hudspeth County,Texas,11467
48231,Hunt County,Texas,7472
48233,Hutchinson County,Texas,10400
48235,Irion County,Texas,8442
48237,Jack County,Texas,11467
48239,Jackson County,Texas,11467
48241,Jasper County,Texas,10225
48243,Jeff Davis County,Texas,11467
48245,Jefferson County,Texas,7267
48247,Jim Hogg County,Texas,11467
48249,Jim Wells County,Texas,10422
48251,Johnson County,Texas,7447
48253,Jones County,Texas,9311
48255,Karnes County,Texas,11467
48257,Kaufman County,Texas,8085
48259,Kendall County,Texas,7807
48261,Kenedy County,Texas,11467
48263,Kent County,Texas,10400
48265,Kerr County,Texas,11467
48267,Kimble County,Texas,9030
48269,King County,Texas,10400
48271,Kinney County,Texas,11467
48273,Kleberg County,Texas,10422
48275,Knox County,Texas,10400
48283,La Salle County,Texas,11467
48277,Lamar County,Texas,11467
48279,Lamb County,Texas,10400
48281,Lampasas County,Texas,7724
48285,Lavaca County,Texas,11467
48287,Lee County,Texas,7661
48289,Leon County,Texas,8573
48291,Liberty County,Texas,8164
48293,Limestone County,Texas,8020
48295,Lipscomb County,Texas,10400
48297,Live Oak County,Texas,11467
48299,Llano County,Texas,8020
48301,Loving County,Texas,10400
48303,Lubbock County,Texas,9311
48305,Lynn County,Texas,10400
48313,Madison County,Texas,8573
48315,Marion County,Texas,11467
48317,Martin County,Texas,10400
48319,Mason County,Texas,9030
48321,Matagorda County,Texas,10225
48323,Maverick County,Texas,11467
48307,McCulloch County,Texas,8573
48309,McLennan County,Texas,7439
48311,McMullen County,Texas,11467
48325,Medina County,Texas,8817
48327,Menard County,Texas,9030
48329,Midland County,Texas,9311
48331,Milam County,Texas,8573
48333,Mills County,Texas,8573
48335,Mitchell County,Texas,10400
48337,Montague County,Texas,11467
48339,Montgomery County,Texas,7104
48341,Moore County,Texas,10400
48343,Morris County,Texas,11467
48345,Motley County,Texas,10400
48347,Nacogdoches County,Texas,11467
48349,Navarro County,Texas,8175
48351,Newton County,Texas,11467
48353,Nolan County,Texas,10400
48355,Nueces County,Texas,8388
48357,Ochiltree County,Texas,10400
48359,Oldham County,Texas,10400
48361,Orange County,Texas,8077
48363,Palo Pinto County,Texas,8238
48365,Panola County,Texas,11467
48367,Parker County,Texas,7873
48369,Parmer County,Texas,10400
48371,Pecos County,Texas,10400
48373,Polk County,Texas,11467
48375,Potter County,Texas,9311
48377,Presidio County,Texas,11467
48379,Rains County,Texas,11467
48381,Randall County,Texas,9311
48383,Reagan County,Texas,8573
48385,Real County,Texas,11467
48387,Red River County,Texas,11467
48389,Reeves County,Texas,10400
48391,Refugio County,Texas,10422
48393,Roberts County,Texas,10400
48395,Robertson County,Texas,8100
48397,Rockwall County,Texas,7347
48399,Runnels County,Texas,8573
48401,Rusk County,Texas,9975
48403,Sabine County,Texas,11467
48405,San Augustine County,Texas,11467
48407,San Jacinto County,Texas,8164
48409,San Patricio County,Texas,8333
48411,San Saba County,Texas,8573
48413,Schleicher County,Texas,9030
48415,Scurry County,Texas,10400
48417,Shackelford County,Texas,10400
48419,Shelby County,Texas,11467
48421,Sherman County,Texas,10400
48423,Smith County,Texas,9975
48425,Somervell County,Texas,7475
48427,Starr County,Texas,9200
48429,Stephens County,Texas,10400
48431,Sterling County,Texas,9030
48433,Stonewall County,Texas,10400
48435,Sutton County,Texas,9030
48437,Swisher County,Texas,10400
48439,Tarrant County,Texas,7042
48441,Taylor County,Texas,9311
48443,Terrell County,Texas,11467
48445,Terry County,Texas,10400
48447,Throckmorton County,Texas,10400
48449,Titus County,Texas,11467
48451,Tom Green County,Texas,8442
48453,Travis County,Texas,7204
48455,Trinity County,Texas,11467
48457,Tyler County,Texas,10225
48459,Upshur County,Texas,9975
48461,Upton County,Texas,10400
48463,Uvalde County,Texas,11467
48465,Val Verde County,Texas,11467
48467,Van Zandt County,Texas,11467
48469,Victoria County,Texas,9975
48471,Walker County,Texas,7720
48473,Waller County,Texas,6940
48475,Ward County,Texas,10400
48477,Washington County,Texas,7720
48479,Webb County,Texas,8380
48481,Wharton County,Texas,10225
48483,Wheeler County,Texas,10400
48485,Wichita County,Texas,9975
48487,Wilbarger County,Texas,11467
48489,Willacy County,Texas,8355
48491,Williamson County,Texas,7204
48493,Wilson County,Texas,8817
48495,Winkler County,Texas,10400
48497,Wise County,Texas,7472
48499,Wood County,Texas,11467
48501,Yoakum County,Texas,10400
48503,Young County,Texas,11467
48505,Zapata County,Texas,11467
48507,Zavala County,Texas,11467
49001,Beaver County,Utah,4807
49003,Box Elder County,Utah,4790
49005,Cache County,Utah,4807
49007,Carbon County,Utah,4891
49009,Daggett County,Utah,4891
49011,Davis County,Utah,4838
49013,Duchesne County,Utah,4807
49015,Emery County,Utah,4891
49017,Garfield County,Utah,4807
49019,Grand County,Utah,4891
49021,Iron County,Utah,4807
49023,Juab County,Utah,4807
49025,Kane County,Utah,4891
49027,Millard County,Utah,4807
49029,Morgan County,Utah,4790
49031,Piute County,Utah,4807
49033,Rich County,Utah,4891
49035,Salt Lake County,Utah,4838
49037,San Juan County,Utah,4891
49039,Sanpete County,Utah,4807
49041,Sevier County,Utah,4807
49043,Summit County,Utah,4790
49045,Tooele County,Utah,4790
49047,Uintah County,Utah,4807
49049,Utah County,Utah,4726
49051,Wasatch County,Utah,4790
49053,Washington County,Utah,4807
49055,Wayne County,Utah,4807
49057,Weber County,Utah,4726
51001,Accomack County,Va.,5067
51003,Albemarle County,Va.,5488
51510,Alexandria city,Va.,4400
51005,Alleghany County,Va.,5067
51007,Amelia County,Va.,5425
51009,Amherst County,Va.,5275
51011,Appomattox County,Va.,5275
51013,Arlington County,Va.,4400
51015,Augusta County,Va.,5488
51017,Bath County,Va.,5067
51019,Bedford County,Va.,5570
51515,Bedford city,Va.,5570
51021,Bland County,Va.,5488
51023,Botetourt County,Va.,5488
51520,Bristol city,Va.,4914
51025,Brunswick County,Va.,5067
51027,Buchanan County,Va.,5067
51029,Buckingham County,Va.,5275
51530,Buena Vista city,Va.,5067
51031,Campbell County,Va.,5275
51033,Caroline County,Va.,4656
51035,Carroll County,Va.,5488
51036,Charles City County,Va.,5067
51037,Charlotte County,Va.,5275
51540,Charlottesville city,Va.,5488
51550,Chesapeake city,Va.,5067
51041,Chesterfield County,Va.,5425
51043,Clarke County,Va.,4914
51570,Colonial Heights city,Va.,5067
51580,Covington city,Va.,5067
51045,Craig County,Va.,5488
51047,Culpeper County,Va.,4656
51049,Cumberland County,Va.,5275
51590,Danville city,Va.,5133
51051,Dickenson County,Va.,5067
51053,Dinwiddie County,Va.,5067
51595,Emporia city,Va.,5067
51057,Essex County,Va.,5488
51059,Fairfax County,Va.,4467
51600,Fairfax city,Va.,4400
51610,Falls Church city,Va.,4400
51061,Fauquier County,Va.,4322
51063,Floyd County,Va.,5488
51065,Fluvanna County,Va.,5488
51067,Franklin County,Va.,5488
51620,Franklin city,Va.,5067
51069,Frederick County,Va.,5067
51630,Fredericksburg city,Va.,4590
51640,Galax city,Va.,5488
51071,Giles County,Va.,5488
51073,Gloucester County,Va.,5488
51075,Goochland County,Va.,5425
51077,Grayson County,Va.,5067
51079,Greene County,Va.,5488
51081,Greensville County,Va.,5067
51083,Halifax County,Va.,5275
51650,Hampton city,Va.,5488
51085,Hanover County,Va.,4991
51660,Harrisonburg city,Va.,5067
51087,Henrico County,Va.,5425
51089,Henry County,Va.,5425
51091,Highland County,Va.,5067
51670,Hopewell city,Va.,5067
51093,Isle of Wight County,Va.,5488
51095,James City County,Va.,5488
51097,King and Queen County,Va.,5488
51099,King George County,Va.,4656
51101,King William County,Va.,5067
51103,Lancaster County,Va.,5488
51105,Lee County,Va.,5067
51678,Lexington city,Va.,5488
51107,Loudoun County,Va.,4467
51109,Louisa County,Va.,4656
51111,Lunenburg County,Va.,5275
51680,Lynchburg city,Va.,5275
51113,Madison County,Va.,5067
51683,Manassas city,Va.,4322
51685,Manassas Park city,Va.,4322
51690,Martinsville city,Va.,5425
51115,Mathews County,Va.,5488
51117,Mecklenburg County,Va.,5275
51119,Middlesex County,Va.,5488
51121,Montgomery County,Va.,5488
51125,Nelson County,Va.,5570
51127,New Kent County,Va.,5425
51700,Newport News city,Va.,5488
51710,Norfolk city,Va.,5067
51131,Northampton County,Va.,5067
51133,Northumberland County,Va.,5488
51720,Norton city,Va.,5067
51135,Nottoway County,Va.,5275
51137,Orange County,Va.,4656
51139,Page County,Va.,5067
51141,Patrick County,Va.,5067
51730,Petersburg city,Va.,5067
51143,Pittsylvania County,Va.,5133
51735,Poquoson city,Va.,5067
51740,Portsmouth city,Va.,5067
51145,Powhatan County,Va.,5425
51147,Prince Edward County,Va.,5275
51149,Prince George County,Va.,5067
51153,Prince William County,Va.,4115
51155,Pulaski County,Va.,5488
51750,Radford city,Va.,5488
51157,Rappahannock County,Va.,5067
51159,Richmond County,Va.,5067
51760,Richmond city,Va.,5425
51161,Roanoke County,Va.,5488
51770,Roanoke city,Va.,5488
51163,Rockbridge County,Va.,5067
51165,Rockingham County,Va.,5067
51167,Russell County,Va.,5067
51775,Salem city,Va.,5488
51169,Scott County,Va.,4914
51171,Shenandoah County,Va.,5067
51173,Smyth County,Va.,5067
51175,Southampton County,Va.,5067
51177,Spotsylvania County,Va.,4590
51179,Stafford County,Va.,4590
51790,Staunton city,Va.,5488
51800,Suffolk city,Va.,5067
51181,Surry County,Va.,5067
51183,Sussex County,Va.,5067
51185,Tazewell County,Va.,5488
51810,Virginia Beach city,Va.,5067
51187,Warren County,Va.,4914
51191,Washington County,Va.,4914
51820,Waynesboro city,Va.,5488
51193,Westmoreland County,Va.,4656
51830,Williamsburg city,Va.,5488
51840,Winchester city,Va.,5067
51195,Wise County,Va.,5067
51197,Wythe County,Va.,5488
51199,York County,Va.,5488
55001,Adams County,Wis.,6256
55003,Ashland County,Wis.,5717
55005,Barron County,Wis.,5767
55007,Bayfield County,Wis.,5717
55009,Brown County,Wis.,5226
55011,Buffalo County,Wis.,5814
55013,Burnett County,Wis.,5717
55015,Calumet County,Wis.,4953
55017,Chippewa County,Wis.,5767
55019,Clark County,Wis.,5738
55021,Columbia County,Wis.,6395
55023,Crawford County,Wis.,6386
55025,Dane County,Wis.,6474
55027,Dodge County,Wis.,5866
55029,Door County,Wis.,5226
55031,Douglas County,Wis.,5717
55033,Dunn County,Wis.,5767
55035,Eau Claire County,Wis.,5767
55037,Florence County,Wis.,5567
55039,Fond du Lac County,Wis.,5841
55041,Forest County,Wis.,5600
55043,Grant County,Wis.,6386
55045,Green County,Wis.,6415
55047,Green Lake County,Wis.,5817
55049,Iowa County,Wis.,6395
55051,Iron County,Wis.,5778
55053,Jackson County,Wis.,5622
55055,Jefferson County,Wis.,6217
55057,Juneau County,Wis.,6151
55059,Kenosha County,Wis.,4953
55061,Kewaunee County,Wis.,5255
55063,La Crosse County,Wis.,5611
55065,Lafayette County,Wis.,6213
55067,Langlade County,Wis.,5252
55069,Lincoln County,Wis.,5261
55071,Manitowoc County,Wis.,5226
55073,Marathon County,Wis.,5261
55075,Marinette County,Wis.,5226
55077,Marquette County,Wis.,5817
55078,Menominee County,Wis.,5567
55079,Milwaukee County,Wis.,5532
55081,Monroe County,Wis.,5617
55083,Oconto County,Wis.,5226
55085,Oneida County,Wis.,5413
55087,Outagamie County,Wis.,5684
55089,Ozaukee County,Wis.,5532
55091,Pepin County,Wis.,5800
55093,Pierce County,Wis.,5850
55095,Polk County,Wis.,5850
55097,Portage County,Wis.,5213
55099,Price County,Wis.,5738
55101,Racine County,Wis.,5532
55103,Richland County,Wis.,6205
55105,Rock County,Wis.,6477
55107,Rusk County,Wis.,5800
55109,St. Croix County,Wis.,5850
55111,Sauk County,Wis.,6277
55113,Sawyer County,Wis.,5690
55115,Shawano County,Wis.,5292
55117,Sheboygan County,Wis.,5226
55119,Taylor County,Wis.,5252
55121,Trempealeau County,Wis.,5622
55123,Vernon County,Wis.,6067
55125,Vilas County,Wis.,5600
55127,Walworth County,Wis.,5597
55129,Washburn County,Wis.,5717
55131,Washington County,Wis.,5532
55133,Waukesha County,Wis.,5226
55135,Waupaca County,Wis.,5213
55137,Waushara County,Wis.,5641
55139,Winnebago County,Wis.,5532
55141,Wood County,Wis.,5213
54001,Barbour County,W.Va.,6400
54003,Berkeley County,W.Va.,6400
54005,Boone County,W.Va.,6400
54007,Braxton County,W.Va.,6400
54009,Brooke County,W.Va.,6400
54011,Cabell County,W.Va.,6400
54013,Calhoun County,W.Va.,6400
54015,Clay County,W.Va.,6400
54017,Doddridge County,W.Va.,6400
54019,Fayette County,W.Va.,6400
54021,Gilmer County,W.Va.,6400
54023,Grant County,W.Va.,6400
54025,Greenbrier County,W.Va.,6400
54027,Hampshire County,W.Va.,6400
54029,Hancock County,W.Va.,6400
54031,Hardy County,W.Va.,6400
54033,Harrison County,W.Va.,6400
54035,Jackson County,W.Va.,6400
54037,Jefferson County,W.Va.,6400
54039,Kanawha County,W.Va.,6400
54041,Lewis County,W.Va.,6400
54043,Lincoln County,W.Va.,6400
54045,Logan County,W.Va.,6400
54049,Marion County,W.Va.,6400
54051,Marshall County,W.Va.,6400
54053,Mason County,W.Va.,6400
54047,McDowell County,W.Va.,6400
54055,Mercer County,W.Va.,6400
54057,Mineral County,W.Va.,6400
54059,Mingo County,W.Va.,6400
54061,Monongalia County,W.Va.,6400
54063,Monroe County,W.Va.,6400
54065,Morgan County,W.Va.,6400
54067,Nicholas County,W.Va.,6400
54069,Ohio County,W.Va.,6400
54071,Pendleton County,W.Va.,6400
54073,Pleasants County,W.Va.,6400
54075,Pocahontas County,W.Va.,6400
54077,Preston County,W.Va.,6400
54079,Putnam County,W.Va.,6400
54081,Raleigh County,W.Va.,6400
54083,Randolph County,W.Va.,6400
54085,Ritchie County,W.Va.,6400
54087,Roane County,W.Va.,6400
54089,Summers County,W.Va.,6400
54091,Taylor County,W.Va.,6400
54093,Tucker County,W.Va.,6400
54095,Tyler County,W.Va.,6400
54097,Upshur County,W.Va.,6400
54099,Wayne County,W.Va.,6400
54101,Webster County,W.Va.,6400
54103,Wetzel County,W.Va.,6400
54105,Wirt County,W.Va.,6400
54107,Wood County,W.Va.,6400
54109,Wyoming County,W.Va.,6400
56001,Albany County,Wyo.,5000
56003,Big Horn County,Wyo.,5000
56005,Campbell County,Wyo.,5000
56007,Carbon County,Wyo.,5000
56009,Converse County,Wyo.,5000
56011,Crook County,Wyo.,5000
56013,Fremont County,Wyo.,5000
56015,Goshen County,Wyo.,5000
56017,Hot Springs County,Wyo.,5000
56019,Johnson County,Wyo.,5000
56021,Laramie County,Wyo.,5000
56023,Lincoln County,Wyo.,5000
56025,Natrona County,Wyo.,5000
56027,Niobrara County,Wyo.,5000
56029,Park County,Wyo.,5000
56031,Platte County,Wyo.,5000
56033,Sheridan County,Wyo.,5000
56035,Sublette County,Wyo.,5000
56037,Sweetwater County,Wyo.,5000
56039,Teton County,Wyo.,5000
56041,Uinta County,Wyo.,5000
56043,Washakie County,Wyo.,5000
56045,Weston County,Wyo.,5000
